﻿<?xml version='1.0' encoding='utf-8' ?>
<root>
<elements name="Rect 或 Rectangle" meaning="矩形框对象的属性" number="0-n">
<element name="color/lineColor" meaning="边框线的颜色">
	<category>外观</category>
	<datatype>color</datatype>
	<value>颜色串</value>
	<default>#000000</default>
</element>
<element name="thick" meaning="边框线粗">
	<category>外观</category>
	<datatype>int</datatype>
	<value>像素数</value>
	<default>1</default>
</element>
<element name="style" meaning="线型">
	<category>外观</category>
	<value>solid / dash / dot / dashdot</value>
	<default>solid</default>
</element>
<element name="bgColor/backColor" meaning="填充色">
	<category>外观</category>
	<value>颜色串，或者是以逗号分隔的多个颜色串的垂直渐变色</value>
	<default>无(透明)</default>
</element>
<element name="isDragBar" meaning="是否可拖拽">
	<category>外观</category>
	<datatype>bool</datatype>
	<default>false</default>
	<memo>“可拖拽”是指在TableLayout中作为可被拖拽的分隔条</memo>
</element>
<textLine>以下属性为渲染功能，不太常用　　&lt;img src='document.bmp' title='请参见演示页: "6.动态更改属性(1)"中的js部分、10.多记录Freeform(1)、12.多记录Freeform(3)、18.炫酷ImageFlow(图像流)控件'&gt;</textLine>
<element name="mirror" meaning="画上方的渐变倒影">
	<category>外观</category>
	<value>格式例如：“offset=2;alpha=255”</value>
	<value meaning="倒影开始处的垂直偏移">offset</value>
	<value meaning="倒影开始处的透光度, 0 - 255">alpha</value>
</element>
<element name="pathId" meaning="使用路径">
	<category>外观</category>
	<value>&amp;lt;Paths&amp;gt;中某个Path资源，用于下面的pathBorder、Filter</value>
</element>
<element name="pathBorder" meaning="画路径轮廓线">
	<category>外观</category>
	<value>格式例如“thick=1;color=#ff0000;style=dashdot”</value>
</element>
<element name="filter" meaning="在路径内渲染">
	<category>外观</category>
	<value>1.线性渐变，例如如下串:&lt;br&gt;
　　“start.color=#ff0000; start.alpha=255; start.x=100; start.y=10%;&lt;br&gt;
　　end.color=#ff0000; end.alpha=0; end.x=10; end.y=90%”&lt;br&gt;
2.中心辐射渐变，例如如下串:&lt;br&gt;
　　“start.color=#ff0000; end.color=#ff0000; start.alpha=255; end.alpha=0; center.x=10; center.y=90%; scale=0.3”&lt;br&gt;
center为中心点坐标，scale为非均匀分隔点，为小于等于1的分数.&lt;br&gt;
备注：以上坐标均为相对坐标</value>
</element>
</elements>

</root>