﻿<?xml version='1.0' encoding='utf-8' ?>
<root>
<elements name="TR" meaning='定义TableLayout中各行' number="1-n">
<element name="height" meaning="行高">
	<category>外观</category>
	<value>像素数 / 百分比 / 比例因子(为小于1的分数，表示剩余空间的分配比例)</value>
	<default>0.1</default>
</element>
<element name="minHeight" meaning="最小行高">
	<category>外观</category>
	<datatype>int</datatype>
	<value>像素数，仅用于按百分比或比例因子分配的情形</value>
	<default>0</default>
</element>
<element name="visible" meaning="是否可视">
	<category>外观</category>
	<datatype>bool</datatype>
	<memo>如果visible=false, 那么列内的对象也自动隐藏</memo>
	<memo>在freeform设计器中，该属性不起作用</memo>
	<default>true</default>
</element>
<element name="id/name" meaning="该行的id号">
	<category>主要</category>
	<value>串</value>
	<memo>不太常用，仅用于动态设置该行的visible、height属性</memo>
</element>
</elements>

</root>