﻿<?xml version='1.0' encoding='utf-8' ?>
<root>
<elements name="TD" meaning='和 html 的 TD 同义，TD的子节点就是具体的内嵌对象' number="1-n">
<element name="width" meaning="列宽">
	<category>外观</category>
	<datatype>int</datatype>
	<value>数字, 和&amp;lt;col&amp;gt;中的"width"同义，优先级高于&amp;lt;col&amp;gt;，但不建议书写在此</value>
</element>
<element name="border-left-width/leftBorder" meaning="左边界线宽度">
	<category>外观</category>
	<datatype>int</datatype>
	<value>像素数, 对相邻单元格的同一位置的线条也有效</value>
</element>
<element name="border-right-width/rightBorder" meaning="右边界线宽度">
	<category>外观</category>
	<datatype>int</datatype>
	<value>像素数, 对相邻单元格的同一位置的线条也有效</value>
</element>
<element name="border-top-width/topBorder" meaning="上边界线宽度">
	<category>外观</category>
	<datatype>int</datatype>
	<value>像素数, 对相邻单元格的同一位置的线条也有效</value>
</element>
<element name="border-bottom-width/bottomBorder" meaning="下边界线宽度">
	<category>外观</category>
	<datatype>int</datatype>
	<value>像素数, 对相邻单元格的同一位置的线条也有效</value>
</element>
<element name="bgColor/backColor" meaning="填充的颜色">
	<category>外观</category>
	<datatype>color</datatype>
	<value>颜色串</value>
</element>
</elements>

<comments>
	<comment>在freeform设计器的工具条中，有边界线色和填充色的辅助功能按钮</comment>
</comments>
</root>