﻿<?xml version="1.0" encoding="utf-8"?>
<root>
	<properties chart="bar">
		<itemtext>
			<pr1>北京市</pr1>
			<pr2>沈阳市</pr2>
			<pr3>西宁市</pr3>
			<pr4>兰州市</pr4>
			<pr5>杭州市</pr5>
		</itemtext>
	</properties>
	<serieses>
		<series name="一季度">
			<pr1>3902</pr1>
			<pr2>1080</pr2>
			<pr3>4380</pr3>
			<pr4>3300</pr4>
			<pr5>3200</pr5>
		</series>
		<series name="二季度">
			<pr1>1902</pr1>
			<pr2>1380</pr2>
			<pr3>1380</pr3>
			<pr4>1300</pr4>
			<pr5>1200</pr5>
		</series>
		<series name="三季度">
			<pr1></pr1>
			<pr2>1080</pr2>
			<pr3>2380</pr3>
			<pr4>3300</pr4>
			<pr5>1200</pr5>
		</series>
	</serieses>
</root>
