﻿<?xml version="1.0" encoding="UTF-8"?>
<table>
	<row>
		<OrderID>10248</OrderID>
		<Country>1</Country>
		<CustomerID>VINET</CustomerID>
		<OrderDate>1996.07.04</OrderDate>
		<Freight>1232.38</Freight>
		<CustomerID2>BLONP</CustomerID2>
		<CustomerValue>Blondesddsl pere et fils</CustomerValue>
	</row>
	<row>
		<OrderID>10249</OrderID>
		<Country>2</Country>
		<CustomerID>TOMSP</CustomerID>
		<OrderDate>1996.07.05</OrderDate>
		<Freight>11.61</Freight>
		<CustomerID2>CACTU</CustomerID2>
		<CustomerValue>Cactus Comidas para llevar</CustomerValue>
	</row>
	<row>
		<OrderID>10250</OrderID>
		<Country>3</Country>
		<CustomerID>HANAR</CustomerID>
		<OrderDate>1996.07.08</OrderDate>
		<Freight>65.83</Freight>
		<CustomerID2>DRACD</CustomerID2>
		<CustomerValue>Drachenblut Delikatessen</CustomerValue>
	</row>
	<row>
		<OrderID>10251</OrderID>
		<Country>1</Country>
		<CustomerID>VICTE</CustomerID>
		<OrderDate>1996.07.08</OrderDate>
		<Freight>41.34</Freight>
		<CustomerID2>GODOS</CustomerID2>
		<CustomerValue>Godos Cocina Típica</CustomerValue>
	</row>
	<row>
		<OrderID>10252</OrderID>
		<Country>4</Country>
		<CustomerID>SUPRD</CustomerID>
		<OrderDate>1996.07.09</OrderDate>
		<Freight>32351.30</Freight>
		<CustomerID2>QUEEN</CustomerID2>
		<CustomerValue>Queen Cozinha</CustomerValue>
	</row>
</table>