﻿<?xml version="1.0" encoding="UTF-8"?>
<table>
	<row>
		<Country>Germany</Country>
		<OrderID>10249</OrderID>
		<CustomerID>TOMSP</CustomerID>
		<OrderDate>2006.07.04</OrderDate>
		<RequiredDate>2006.08.16</RequiredDate>
		<Freight>11.61</Freight>
		<ShipName>Toms Spezialitten</ShipName>
		<ShipCity>Munster</ShipCity>
		<ShipAddress>Luisenstr. 48</ShipAddress>
	</row>
	<row>
		<Country>Brazil</Country>
		<OrderID>10250</OrderID>
		<CustomerID>HANAR</CustomerID>
		<OrderDate>2006.07.04</OrderDate>
		<RequiredDate>2006.08.05</RequiredDate>
		<Freight>65.83</Freight>
		<ShipName>Hanari Carnes</ShipName>
		<ShipCity>Rio de Janeiro</ShipCity>
		<ShipAddress>Rua do Pao, 67</ShipAddress>
	</row>
	<row>
		<Country>France</Country>
		<OrderID>10251</OrderID>
		<CustomerID>VICTE</CustomerID>
		<OrderDate>2006.07.04</OrderDate>
		<RequiredDate>2006.08.05</RequiredDate>
		<Freight>41.34</Freight>
		<ShipName>Victuailles en stock</ShipName>
		<ShipCity>Lyon</ShipCity>
		<ShipAddress>2, rue du Commerce</ShipAddress>
	</row>
	<row>
		<Country>Belgium</Country>
		<OrderID>10252</OrderID>
		<CustomerID>SUPRD</CustomerID>
		<OrderDate>2006.07.04</OrderDate>
		<RequiredDate>2006.08.06</RequiredDate>
		<Freight>51.30</Freight>
		<ShipName>Supremes delices</ShipName>
		<ShipCity>Charleroi</ShipCity>
		<ShipAddress>Boulevard Tirou, 255</ShipAddress>
	</row>
	<row>
		<Country>Brazil</Country>
		<OrderID>10253</OrderID>
		<CustomerID>HANAR</CustomerID>
		<OrderDate>2006.07.04</OrderDate>
		<RequiredDate>2006.07.24</RequiredDate>
		<Freight>58.17</Freight>
		<ShipName>Hanari Carnes</ShipName>
		<ShipCity>Rio de Janeiro</ShipCity>
		<ShipAddress>Rua do Pao, 67</ShipAddress>
	</row>
	<row>
		<Country>Switzerland</Country>
		<OrderID>10254</OrderID>
		<CustomerID>CHOPS</CustomerID>
		<OrderDate>2006.07.11</OrderDate>
		<RequiredDate>2006.08.08</RequiredDate>
		<Freight>22.98</Freight>
		<ShipName>Chop-suey Chinese</ShipName>
		<ShipCity>Bern</ShipCity>
		<ShipAddress>Hauptstr. 31</ShipAddress>
	</row>
	<row>
		<Country>Switzerland</Country>
		<OrderID>10255</OrderID>
		<CustomerID>RICSU</CustomerID>
		<OrderDate>2006.07.11</OrderDate>
		<RequiredDate>2006.08.09</RequiredDate>
		<Freight>148.33</Freight>
		<ShipName>Richter Supermarkt</ShipName>
		<ShipCity>Geneve</ShipCity>
		<ShipAddress>Starenweg 5</ShipAddress>
	</row>
	<row>
		<Country>Brazil</Country>
		<OrderID>10256</OrderID>
		<CustomerID>WELLI</CustomerID>
		<OrderDate>2006.07.11</OrderDate>
		<RequiredDate>2006.08.12</RequiredDate>
		<Freight>13.97</Freight>
		<ShipName>Wellington Importadora</ShipName>
		<ShipCity>Resende</ShipCity>
		<ShipAddress>Rua do Mercado, 12</ShipAddress>
	</row>
	<row>
		<Country>Venezuela</Country>
		<OrderID>10257</OrderID>
		<CustomerID>HILAA</CustomerID>
		<OrderDate>2006.07.11</OrderDate>
		<RequiredDate>2006.08.13</RequiredDate>
		<Freight>81.91</Freight>
		<ShipName>HILARION-Abastos</ShipName>
		<ShipCity>San Cristobal</ShipCity>
		<ShipAddress>Carrera 22 con Ave. Carlos Soublette #8-35</ShipAddress>
	</row>
	<row>
		<Country>Austria</Country>
		<OrderID>10258</OrderID>
		<CustomerID>ERNSH</CustomerID>
		<OrderDate>2006.07.17</OrderDate>
		<RequiredDate>2006.08.14</RequiredDate>
		<Freight>140.51</Freight>
		<ShipName>Ernst Handel</ShipName>
		<ShipCity>Graz</ShipCity>
		<ShipAddress>Kirchgasse 6</ShipAddress>
	</row>
	<row>
		<Country>Mexico</Country>
		<OrderID>10259</OrderID>
		<CustomerID>CENTC</CustomerID>
		<OrderDate>2006.07.18</OrderDate>
		<RequiredDate>2006.08.15</RequiredDate>
		<Freight>3.25</Freight>
		<ShipName>Centro comercial Moctezuma</ShipName>
		<ShipCity>Mexico D.F.</ShipCity>
		<ShipAddress>Sierras de Granada 9993</ShipAddress>
	</row>
	<row>
		<Country>Germany</Country>
		<OrderID>10260</OrderID>
		<CustomerID>OTTIK</CustomerID>
		<OrderDate>2006.07.19</OrderDate>
		<RequiredDate>2006.08.16</RequiredDate>
		<Freight>55.09</Freight>
		<ShipName>Ottilies Kseladen</ShipName>
		<ShipCity>Kln</ShipCity>
		<ShipAddress>Mehrheimerstr. 369</ShipAddress>
	</row>
	<row>
		<Country>Brazil</Country>
		<OrderID>10261</OrderID>
		<CustomerID>QUEDE</CustomerID>
		<OrderDate>2006.07.19</OrderDate>
		<RequiredDate>2006.08.16</RequiredDate>
		<Freight>3.05</Freight>
		<ShipName>Que Delicia</ShipName>
		<ShipCity>Rio de Janeiro</ShipCity>
		<ShipAddress>Rua da Panificadora, 12</ShipAddress>
	</row>
	<row>
		<Country>USA</Country>
		<OrderID>10262</OrderID>
		<CustomerID>RATTC</CustomerID>
		<OrderDate>2006.07.22</OrderDate>
		<RequiredDate>2006.08.19</RequiredDate>
		<Freight>48.29</Freight>
		<ShipName>Rattlesnake Canyon Grocery</ShipName>
		<ShipCity>Albuquerque</ShipCity>
		<ShipAddress>2817 Milton Dr.</ShipAddress>
	</row>
	<row>
		<Country>Austria</Country>
		<OrderID>10263</OrderID>
		<CustomerID>ERNSH</CustomerID>
		<OrderDate>2006.07.23</OrderDate>
		<RequiredDate>2006.08.20</RequiredDate>
		<Freight>146.06</Freight>
		<ShipName>Ernst Handel</ShipName>
		<ShipCity>Graz</ShipCity>
		<ShipAddress>Kirchgasse 6</ShipAddress>
	</row>
	<row>
		<Country>Sweden</Country>
		<OrderID>10264</OrderID>
		<CustomerID>FOLKO</CustomerID>
		<OrderDate>2006.07.24</OrderDate>
		<RequiredDate>2006.08.21</RequiredDate>
		<Freight>3.67</Freight>
		<ShipName>Folk och f HB</ShipName>
		<ShipCity>Brcke</ShipCity>
		<ShipAddress>kergatan 24</ShipAddress>
	</row>
	<row>
		<Country>France</Country>
		<OrderID>10265</OrderID>
		<CustomerID>BLONP</CustomerID>
		<OrderDate>2006.07.24</OrderDate>
		<RequiredDate>2006.08.22</RequiredDate>
		<Freight>55.28</Freight>
		<ShipName>Blondel pere et fils</ShipName>
		<ShipCity>Strasbourg</ShipCity>
		<ShipAddress>24, place Kleber</ShipAddress>
	</row>
	<row>
		<Country>Finland</Country>
		<OrderID>10266</OrderID>
		<CustomerID>WARTH</CustomerID>
		<OrderDate>2006.07.24</OrderDate>
		<RequiredDate>2006.09.06</RequiredDate>
		<Freight>25.73</Freight>
		<ShipName>Wartian Herkku</ShipName>
		<ShipCity>Oulu</ShipCity>
		<ShipAddress>Torikatu 38</ShipAddress>
	</row>
	<row>
		<Country>Germany</Country>
		<OrderID>10267</OrderID>
		<CustomerID>FRANK</CustomerID>
		<OrderDate>2006.07.24</OrderDate>
		<RequiredDate>2006.08.26</RequiredDate>
		<Freight>208.58</Freight>
		<ShipName>Frankenversand</ShipName>
		<ShipCity>Munchen</ShipCity>
		<ShipAddress>Berliner Platz 43</ShipAddress>
	</row>
	<row>
		<Country>Venezuela</Country>
		<OrderID>10268</OrderID>
		<CustomerID>GROSR</CustomerID>
		<OrderDate>2006.07.30</OrderDate>
		<RequiredDate>2006.08.27</RequiredDate>
		<Freight>66.29</Freight>
		<ShipName>GROSELLA-Restaurante</ShipName>
		<ShipCity>Caracas</ShipCity>
		<ShipAddress>5a Ave. Los Palos Grandes</ShipAddress>
	</row>
	<row>
		<Country>USA</Country>
		<OrderID>10269</OrderID>
		<CustomerID>WHITC</CustomerID>
		<OrderDate>2006.07.30</OrderDate>
		<RequiredDate>2006.08.14</RequiredDate>
		<Freight>4.56</Freight>
		<ShipName>White Clover Markets</ShipName>
		<ShipCity>Seattle</ShipCity>
		<ShipAddress>1029 - 12th Ave. S.</ShipAddress>
	</row>
	<row>
		<Country>Finland</Country>
		<OrderID>10270</OrderID>
		<CustomerID>WARTH</CustomerID>
		<OrderDate>2006.08.01</OrderDate>
		<RequiredDate>2006.08.29</RequiredDate>
		<Freight>136.54</Freight>
		<ShipName>Wartian Herkku</ShipName>
		<ShipCity>Oulu</ShipCity>
		<ShipAddress>Torikatu 38</ShipAddress>
	</row>
	<row>
		<Country>USA</Country>
		<OrderID>10271</OrderID>
		<CustomerID>SPLIR</CustomerID>
		<OrderDate>2006.08.01</OrderDate>
		<RequiredDate>2006.08.29</RequiredDate>
		<Freight>4.54</Freight>
		<ShipName>Split Rail Beer &amp; Ale</ShipName>
		<ShipCity>Lander</ShipCity>
		<ShipAddress>P.O. Box 555</ShipAddress>
	</row>
	<row>
		<Country>USA</Country>
		<OrderID>10272</OrderID>
		<CustomerID>RATTC</CustomerID>
		<OrderDate>2006.08.01</OrderDate>
		<RequiredDate>2006.08.30</RequiredDate>
		<Freight>98.03</Freight>
		<ShipName>Rattlesnake Canyon Grocery</ShipName>
		<ShipCity>Albuquerque</ShipCity>
		<ShipAddress>2817 Milton Dr.</ShipAddress>
	</row>
	<row>
		<Country>Germany</Country>
		<OrderID>10273</OrderID>
		<CustomerID>QUICK</CustomerID>
		<OrderDate>2006.08.01</OrderDate>
		<RequiredDate>2006.09.02</RequiredDate>
		<Freight>76.07</Freight>
		<ShipName>QUICK-Stop</ShipName>
		<ShipCity>Cunewalde</ShipCity>
		<ShipAddress>Taucherstrae 10</ShipAddress>
	</row>
	<row>
		<Country>France</Country>
		<OrderID>10274</OrderID>
		<CustomerID>VINET</CustomerID>
		<OrderDate>2006.08.06</OrderDate>
		<RequiredDate>2006.09.03</RequiredDate>
		<Freight>6.01</Freight>
		<ShipName>Vins et alcools Chevalier</ShipName>
		<ShipCity>Reims</ShipCity>
		<ShipAddress>59 rue de l&apos;Abbaye</ShipAddress>
	</row>
	<row>
		<Country>Italy</Country>
		<OrderID>10275</OrderID>
		<CustomerID>MAGAA</CustomerID>
		<OrderDate>2006.08.07</OrderDate>
		<RequiredDate>2006.09.04</RequiredDate>
		<Freight>26.93</Freight>
		<ShipName>Magazzini Alimentari Riuniti</ShipName>
		<ShipCity>Bergamo</ShipCity>
		<ShipAddress>Via Ludovico il Moro 22</ShipAddress>
	</row>
	<row>
		<Country>Mexico</Country>
		<OrderID>10276</OrderID>
		<CustomerID>TORTU</CustomerID>
		<OrderDate>2006.08.08</OrderDate>
		<RequiredDate>2006.08.22</RequiredDate>
		<Freight>13.84</Freight>
		<ShipName>Tortuga Restaurante</ShipName>
		<ShipCity>Mexico D.F.</ShipCity>
		<ShipAddress>Avda. Azteca 123</ShipAddress>
	</row>
	<row>
		<Country>Germany</Country>
		<OrderID>10277</OrderID>
		<CustomerID>MORGK</CustomerID>
		<OrderDate>2006.08.09</OrderDate>
		<RequiredDate>2006.09.06</RequiredDate>
		<Freight>125.77</Freight>
		<ShipName>Morgenstern Gesundkost</ShipName>
		<ShipCity>Leipzig</ShipCity>
		<ShipAddress>Heerstr. 22</ShipAddress>
	</row>
	<row>
		<Country>Sweden</Country>
		<OrderID>10278</OrderID>
		<CustomerID>BERGS</CustomerID>
		<OrderDate>2006.08.12</OrderDate>
		<RequiredDate>2006.09.09</RequiredDate>
		<Freight>92.69</Freight>
		<ShipName>Berglunds snabbkp</ShipName>
		<ShipCity>Lule</ShipCity>
		<ShipAddress>Berguvsvgen  8</ShipAddress>
	</row>
	<row>
		<Country>Germany</Country>
		<OrderID>10279</OrderID>
		<CustomerID>LEHMS</CustomerID>
		<OrderDate>2006.08.13</OrderDate>
		<RequiredDate>2006.09.10</RequiredDate>
		<Freight>25.83</Freight>
		<ShipName>Lehmanns Marktstand</ShipName>
		<ShipCity>Frankfurt a.M.</ShipCity>
		<ShipAddress>Magazinweg 7</ShipAddress>
	</row>
	<row>
		<Country>Sweden</Country>
		<OrderID>10280</OrderID>
		<CustomerID>BERGS</CustomerID>
		<OrderDate>2006.08.14</OrderDate>
		<RequiredDate>2006.09.11</RequiredDate>
		<Freight>8.98</Freight>
		<ShipName>Berglunds snabbkp</ShipName>
		<ShipCity>Lule</ShipCity>
		<ShipAddress>Berguvsvgen  8</ShipAddress>
	</row>
	<row>
		<Country>Spain</Country>
		<OrderID>10281</OrderID>
		<CustomerID>ROMEY</CustomerID>
		<OrderDate>2006.08.14</OrderDate>
		<RequiredDate>2006.08.28</RequiredDate>
		<Freight>2.94</Freight>
		<ShipName>Romero y tomillo</ShipName>
		<ShipCity>Madrid</ShipCity>
		<ShipAddress>Gran Via, 1</ShipAddress>
	</row>
	<row>
		<Country>Spain</Country>
		<OrderID>10282</OrderID>
		<CustomerID>ROMEY</CustomerID>
		<OrderDate>2006.08.15</OrderDate>
		<RequiredDate>2006.09.12</RequiredDate>
		<Freight>12.69</Freight>
		<ShipName>Romero y tomillo</ShipName>
		<ShipCity>Madrid</ShipCity>
		<ShipAddress>Gran Via, 1</ShipAddress>
	</row>
	<row>
		<Country>Venezuela</Country>
		<OrderID>10283</OrderID>
		<CustomerID>LILAS</CustomerID>
		<OrderDate>2006.08.16</OrderDate>
		<RequiredDate>2006.09.13</RequiredDate>
		<Freight>84.81</Freight>
		<ShipName>LILA-Supermercado</ShipName>
		<ShipCity>Barquisimeto</ShipCity>
		<ShipAddress>Carrera 52 con Ave. Bolivar #65-98 Llano Largo</ShipAddress>
	</row>
	<row>
		<Country>Germany</Country>
		<OrderID>10284</OrderID>
		<CustomerID>LEHMS</CustomerID>
		<OrderDate>2006.08.19</OrderDate>
		<RequiredDate>2006.09.16</RequiredDate>
		<Freight>76.56</Freight>
		<ShipName>Lehmanns Marktstand</ShipName>
		<ShipCity>Frankfurt a.M.</ShipCity>
		<ShipAddress>Magazinweg 7</ShipAddress>
	</row>
	<row>
		<Country>Germany</Country>
		<OrderID>10285</OrderID>
		<CustomerID>QUICK</CustomerID>
		<OrderDate>2006.08.20</OrderDate>
		<RequiredDate>2006.09.17</RequiredDate>
		<Freight>76.83</Freight>
		<ShipName>QUICK-Stop</ShipName>
		<ShipCity>Cunewalde</ShipCity>
		<ShipAddress>Taucherstrae 10</ShipAddress>
	</row>
	<row>
		<Country>Germany</Country>
		<OrderID>10286</OrderID>
		<CustomerID>QUICK</CustomerID>
		<OrderDate>2006.08.21</OrderDate>
		<RequiredDate>2006.09.18</RequiredDate>
		<Freight>229.24</Freight>
		<ShipName>QUICK-Stop</ShipName>
		<ShipCity>Cunewalde</ShipCity>
		<ShipAddress>Taucherstrae 10</ShipAddress>
	</row>
	<row>
		<Country>Brazil</Country>
		<OrderID>10287</OrderID>
		<CustomerID>RICAR</CustomerID>
		<OrderDate>2006.08.22</OrderDate>
		<RequiredDate>2006.09.19</RequiredDate>
		<Freight>12.76</Freight>
		<ShipName>Ricardo Adocicados</ShipName>
		<ShipCity>Rio de Janeiro</ShipCity>
		<ShipAddress>Av. Copacabana, 267</ShipAddress>
	</row>
	<row>
		<Country>Italy</Country>
		<OrderID>10288</OrderID>
		<CustomerID>REGGC</CustomerID>
		<OrderDate>2006.08.23</OrderDate>
		<RequiredDate>2006.09.20</RequiredDate>
		<Freight>7.45</Freight>
		<ShipName>Reggiani Caseifici</ShipName>
		<ShipCity>Reggio Emilia</ShipCity>
		<ShipAddress>Strada Provinciale 124</ShipAddress>
	</row>
	<row>
		<Country>UK</Country>
		<OrderID>10289</OrderID>
		<CustomerID>BSBEV</CustomerID>
		<OrderDate>2006.08.26</OrderDate>
		<RequiredDate>2006.09.23</RequiredDate>
		<Freight>22.77</Freight>
		<ShipName>B&apos;s Beverages</ShipName>
		<ShipCity>London</ShipCity>
		<ShipAddress>Fauntleroy Circus</ShipAddress>
	</row>
	<row>
		<Country>Brazil</Country>
		<OrderID>10290</OrderID>
		<CustomerID>COMMI</CustomerID>
		<OrderDate>2006.08.27</OrderDate>
		<RequiredDate>2006.09.24</RequiredDate>
		<Freight>79.70</Freight>
		<ShipName>Comercio Mineiro</ShipName>
		<ShipCity>Sao Paulo</ShipCity>
		<ShipAddress>Av. dos Lusiadas, 23</ShipAddress>
	</row>
	<row>
		<Country>Brazil</Country>
		<OrderID>10291</OrderID>
		<CustomerID>QUEDE</CustomerID>
		<OrderDate>2006.08.27</OrderDate>
		<RequiredDate>2006.09.24</RequiredDate>
		<Freight>6.40</Freight>
		<ShipName>Que Delicia</ShipName>
		<ShipCity>Rio de Janeiro</ShipCity>
		<ShipAddress>Rua da Panificadora, 12</ShipAddress>
	</row>
	<row>
		<Country>Brazil</Country>
		<OrderID>10292</OrderID>
		<CustomerID>TRADH</CustomerID>
		<OrderDate>2006.08.28</OrderDate>
		<RequiredDate>2006.09.25</RequiredDate>
		<Freight>1.35</Freight>
		<ShipName>Tradiao Hipermercados</ShipName>
		<ShipCity>Sao Paulo</ShipCity>
		<ShipAddress>Av. Ines de Castro, 414</ShipAddress>
	</row>
	<row>
		<Country>Mexico</Country>
		<OrderID>10293</OrderID>
		<CustomerID>TORTU</CustomerID>
		<OrderDate>2006.08.29</OrderDate>
		<RequiredDate>2006.09.26</RequiredDate>
		<Freight>21.18</Freight>
		<ShipName>Tortuga Restaurante</ShipName>
		<ShipCity>Mexico D.F.</ShipCity>
		<ShipAddress>Avda. Azteca 123</ShipAddress>
	</row>
	<row>
		<Country>USA</Country>
		<OrderID>10294</OrderID>
		<CustomerID>RATTC</CustomerID>
		<OrderDate>2006.08.30</OrderDate>
		<RequiredDate>2006.09.27</RequiredDate>
		<Freight>147.26</Freight>
		<ShipName>Rattlesnake Canyon Grocery</ShipName>
		<ShipCity>Albuquerque</ShipCity>
		<ShipAddress>2817 Milton Dr.</ShipAddress>
	</row>
	<row>
		<Country>France</Country>
		<OrderID>10295</OrderID>
		<CustomerID>VINET</CustomerID>
		<OrderDate>2006.09.02</OrderDate>
		<RequiredDate>2006.09.30</RequiredDate>
		<Freight>1.15</Freight>
		<ShipName>Vins et alcools Chevalier</ShipName>
		<ShipCity>Reims</ShipCity>
		<ShipAddress>59 rue de l&apos;Abbaye</ShipAddress>
	</row>
	<row>
		<Country>Venezuela</Country>
		<OrderID>10296</OrderID>
		<CustomerID>LILAS</CustomerID>
		<OrderDate>2006.09.03</OrderDate>
		<RequiredDate>2006.10.01</RequiredDate>
		<Freight>0.12</Freight>
		<ShipName>LILA-Supermercado</ShipName>
		<ShipCity>Barquisimeto</ShipCity>
		<ShipAddress>Carrera 52 con Ave. Bolivar #65-98 Llano Largo</ShipAddress>
	</row>
	<row>
		<Country>France</Country>
		<OrderID>10297</OrderID>
		<CustomerID>BLONP</CustomerID>
		<OrderDate>2006.09.04</OrderDate>
		<RequiredDate>2006.10.16</RequiredDate>
		<Freight>5.74</Freight>
		<ShipName>Blondel pere et fils</ShipName>
		<ShipCity>Strasbourg</ShipCity>
		<ShipAddress>24, place Kleber</ShipAddress>
	</row>
	<row>
		<Country>Ireland</Country>
		<OrderID>10298</OrderID>
		<CustomerID>HUNGO</CustomerID>
		<OrderDate>2006.09.05</OrderDate>
		<RequiredDate>2006.10.03</RequiredDate>
		<Freight>168.22</Freight>
		<ShipName>Hungry Owl All-Night Grocers</ShipName>
		<ShipCity>Cork</ShipCity>
		<ShipAddress>8 Johnstown Road</ShipAddress>
	</row>
	<row>
		<Country>Brazil</Country>
		<OrderID>10299</OrderID>
		<CustomerID>RICAR</CustomerID>
		<OrderDate>2006.09.06</OrderDate>
		<RequiredDate>2006.10.04</RequiredDate>
		<Freight>29.76</Freight>
		<ShipName>Ricardo Adocicados</ShipName>
		<ShipCity>Rio de Janeiro</ShipCity>
		<ShipAddress>Av. Copacabana, 267</ShipAddress>
	</row>
	<row>
		<Country>Italy</Country>
		<OrderID>10300</OrderID>
		<CustomerID>MAGAA</CustomerID>
		<OrderDate>2006.09.09</OrderDate>
		<RequiredDate>2006.10.07</RequiredDate>
		<Freight>17.68</Freight>
		<ShipName>Magazzini Alimentari Riuniti</ShipName>
		<ShipCity>Bergamo</ShipCity>
		<ShipAddress>Via Ludovico il Moro 22</ShipAddress>
	</row>
	<row>
		<Country>Germany</Country>
		<OrderID>10301</OrderID>
		<CustomerID>WANDK</CustomerID>
		<OrderDate>2006.09.09</OrderDate>
		<RequiredDate>2006.10.07</RequiredDate>
		<Freight>45.08</Freight>
		<ShipName>Die Wandernde Kuh</ShipName>
		<ShipCity>Stuttgart</ShipCity>
		<ShipAddress>Adenauerallee 900</ShipAddress>
	</row>
	<row>
		<Country>Belgium</Country>
		<OrderID>10302</OrderID>
		<CustomerID>SUPRD</CustomerID>
		<OrderDate>2006.09.10</OrderDate>
		<RequiredDate>2006.10.08</RequiredDate>
		<Freight>6.27</Freight>
		<ShipName>Supremes delices</ShipName>
		<ShipCity>Charleroi</ShipCity>
		<ShipAddress>Boulevard Tirou, 255</ShipAddress>
	</row>
	<row>
		<Country>Spain</Country>
		<OrderID>10303</OrderID>
		<CustomerID>GODOS</CustomerID>
		<OrderDate>2006.09.11</OrderDate>
		<RequiredDate>2006.10.09</RequiredDate>
		<Freight>107.83</Freight>
		<ShipName>Godos Cocina Tipica</ShipName>
		<ShipCity>Sevilla</ShipCity>
		<ShipAddress>C/ Romero, 33</ShipAddress>
	</row>
	<row>
		<Country>Mexico</Country>
		<OrderID>10304</OrderID>
		<CustomerID>TORTU</CustomerID>
		<OrderDate>2006.09.12</OrderDate>
		<RequiredDate>2006.10.10</RequiredDate>
		<Freight>63.79</Freight>
		<ShipName>Tortuga Restaurante</ShipName>
		<ShipCity>Mexico D.F.</ShipCity>
		<ShipAddress>Avda. Azteca 123</ShipAddress>
	</row>
	<row>
		<Country>USA</Country>
		<OrderID>10305</OrderID>
		<CustomerID>OLDWO</CustomerID>
		<OrderDate>2006.09.13</OrderDate>
		<RequiredDate>2006.10.11</RequiredDate>
		<Freight>257.62</Freight>
		<ShipName>Old World Delicatessen</ShipName>
		<ShipCity>Anchorage</ShipCity>
		<ShipAddress>2743 Bering St.</ShipAddress>
	</row>
	<row>
		<Country>Spain</Country>
		<OrderID>10306</OrderID>
		<CustomerID>ROMEY</CustomerID>
		<OrderDate>2006.09.16</OrderDate>
		<RequiredDate>2006.10.14</RequiredDate>
		<Freight>7.56</Freight>
		<ShipName>Romero y tomillo</ShipName>
		<ShipCity>Madrid</ShipCity>
		<ShipAddress>Gran Via, 1</ShipAddress>
	</row>
	<row>
		<Country>USA</Country>
		<OrderID>10307</OrderID>
		<CustomerID>LONEP</CustomerID>
		<OrderDate>2006.09.17</OrderDate>
		<RequiredDate>2006.10.15</RequiredDate>
		<Freight>0.56</Freight>
		<ShipName>Lonesome Pine Restaurant</ShipName>
		<ShipCity>Portland</ShipCity>
		<ShipAddress>89 Chiaroscuro Rd.</ShipAddress>
	</row>
	<row>
		<Country>Mexico</Country>
		<OrderID>10308</OrderID>
		<CustomerID>ANATR</CustomerID>
		<OrderDate>2006.09.18</OrderDate>
		<RequiredDate>2006.10.16</RequiredDate>
		<Freight>1.61</Freight>
		<ShipName>Ana Trujillo Emparedados y helados</ShipName>
		<ShipCity>Mexico D.F.</ShipCity>
		<ShipAddress>Avda. de la Constitucion 2222</ShipAddress>
	</row>
	<row>
		<Country>Ireland</Country>
		<OrderID>10309</OrderID>
		<CustomerID>HUNGO</CustomerID>
		<OrderDate>2006.09.19</OrderDate>
		<RequiredDate>2006.10.17</RequiredDate>
		<Freight>47.30</Freight>
		<ShipName>Hungry Owl All-Night Grocers</ShipName>
		<ShipCity>Cork</ShipCity>
		<ShipAddress>8 Johnstown Road</ShipAddress>
	</row>
	<row>
		<Country>USA</Country>
		<OrderID>10310</OrderID>
		<CustomerID>THEBI</CustomerID>
		<OrderDate>2006.09.20</OrderDate>
		<RequiredDate>2006.10.18</RequiredDate>
		<Freight>17.52</Freight>
		<ShipName>The Big Cheese</ShipName>
		<ShipCity>Portland</ShipCity>
		<ShipAddress>89 Jefferson Way Suite 2</ShipAddress>
	</row>
	<row>
		<Country>France</Country>
		<OrderID>10311</OrderID>
		<CustomerID>DUMON</CustomerID>
		<OrderDate>2006.09.20</OrderDate>
		<RequiredDate>2006.10.04</RequiredDate>
		<Freight>24.69</Freight>
		<ShipName>Du monde entier</ShipName>
		<ShipCity>Nantes</ShipCity>
		<ShipAddress>67, rue des Cinquante Otages</ShipAddress>
	</row>
	<row>
		<Country>Austria</Country>
		<OrderID>10747</OrderID>
		<CustomerID>PICCO</CustomerID>
		<OrderDate>2007.11.19</OrderDate>
		<RequiredDate>2007.12.17</RequiredDate>
		<Freight>117.33</Freight>
		<ShipName>Piccolo und mehr</ShipName>
		<ShipCity>Salzburg</ShipCity>
		<ShipAddress>Geislweg 14</ShipAddress>
	</row>
</table>