﻿<?xml version='1.0' encoding='utf-8'?>
<table>
<record>
<id>0</id>
<url>http://www.supcan.cn/download/land1.jpg</url>
<tip>行程1：雪山旅游</tip>
</record>
<record>
<id>1</id>
<url>http://www.supcan.cn/download/land2.jpg</url>
<tip>行程2：三亚</tip>
</record>
<record>
<id>2</id>
<url>http://www.supcan.cn/download/land3.jpg</url>
<tip>行程3：海南旅游</tip>
</record>
<record>
<id>3</id>
<url>http://www.supcan.cn/download/land4.jpg</url>
<tip>行程4：桂林旅游</tip>
</record>
<record>
<id>4</id>
<url>http://www.supcan.cn/download/land5.jpg</url>
<tip>行程5：新疆旅游</tip>
</record>
</record></table>