﻿<?xml version="1.0" encoding="utf-8"?>
<root>
	<record>
		<name>克林特·伊斯特伍德</name>
		<dis>男</dis>
		<bdt>1953.5.31</bdt>
		<cur>国际影坛的男性电影明星偶像，当代传奇。出生在旧金山，父亲是一位炼钢工人。</cur>
		<work>廊桥遗梦、天涯父子情、火线大行动、危险处境、血染雪山堡</work>
		<prof>演员 导演</prof>
		<bornin>美国</bornin>
		<portrait>../treelistdata/person.zip#1.jpg</portrait>
	</record>
	<record>
		<name>Joel Osment</name>
		<dis>男</dis>
		<bdt>1988.04.10</bdt>
		<cur>99年的一部超自然恐怖片《第六感》不仅为试金石公司赚下6亿多的票房，年幼的哈利更因在剧中的出色表演被提名金球奖。</cur>
		<work>人工智能、第六感、爱心相传、阿甘正传</work>
		<prof>演员</prof>
		<bornin>美国</bornin>
		<portrait>../treelistdata/person.zip#2.jpg</portrait>
	</record>
	<record>
		<name>张国荣</name>
		<dis>男</dis>
		<bdt>1956.9.12</bdt>
		<cur>在全球华人社会和亚洲地区具有影响力的著名歌手、演员和音乐人，大中华地区乐坛和影坛巨星，演艺圈多栖发展最成功的代表之一</cur>
		<work>霸王别姬,阿飞正传,东邪西毒,倩女幽魂,沉默是金</work>
		<prof>演员</prof>
		<bornin>中国 香港</bornin>
		<portrait>../treelistdata/person.zip#3.jpg</portrait>
	</record>
</root>
