﻿<?xml version="1.0" encoding="UTF-8" ?>
<Data>
<items>
 <item ID="020301" str="张三" image="treedemo.zip#3.bmp" tip="这是tip演示."/>
 <item ID="020302" str="李四" image="treedemo.zip#3.bmp" tip="这是tip演示."/>
 <item ID="020303" str="王五" image="treedemo.zip#3.bmp" tip="这是tip演示."/>
 <item ID="020304" str="赵六" image="treedemo.zip#3.bmp" tip="这是tip演示."/>
 <item ID="020305" str="钱七" image="treedemo.zip#3.bmp" tip="这是tip演示."/>
 <item ID="020306" str="徐八" image="treedemo.zip#3.bmp" tip="这是tip演示."/>
</items>
</Data>