﻿<?xml version='1.0' encoding='UTF-8'?>
<DataRoot>
<Record><ProductID>1</ProductID><Product>运动器械</Product><sales>2002.30</sales></Record>
<Record><ProductID>2</ProductID><Product>电子器材</Product><sales>3039.00</sales></Record>
<Record><ProductID>3</ProductID><Product>军工特供</Product><sales>650.00</sales></Record>
<Record><ProductID>4</ProductID><Product>车辆配件</Product><sales>1230.00</sales></Record>
<Record><ProductID>5</ProductID><Product>出口</Product><sales>4050.21</sales></Record>
<Record><ProductID>6</ProductID><Product>安全防护器材</Product><sales>500.00</sales></Record>
<Record><ProductID>7</ProductID><Product>贵金属</Product><sales>2500.00</sales></Record>
<Record><ProductID>8</ProductID><Product>金属工具</Product><sales>1300.00</sales></Record>
</DataRoot>
