﻿<?xml version="1.0" encoding="UTF-8" ?>
<data>
<project text="业务数据" tip="订单和货运的数据" >
	<ds id="1001" tip="订单、货运" dataURL="data1.xml" descURL="data1.desc.xml">货运数据</ds>
	<ds id="1002" tip="订单货运全部5000条数据" dataURL="data5000.xml" descURL="data1.desc.xml">全部货运数据</ds>
	<ds id="1003" tip="货运统计数据" dataURL="" descURL="">货运统计</ds>
</project>
<project text="销售数据">
	<ds id="2001" dataURL="data2.xml" descURL="data2.desc.xml">产品销售统计</ds>
	<ds id="2002" dataURL="" descURL="">分子公司销售明细</ds>
</project>
<project text="劳资数据">
	<ds id="8001" dataURL="salary.json.txt" descURL="salary.desc.xml">工资表</ds>
</project>
</data>