﻿<?xml version="1.0" encoding="utf-8"?>
<Data>
<OrderID>366471223</OrderID>
<Desc>普通</Desc>
<Date>2008.1.11</Date>
<Product>
	<ProductID>58001</ProductID>
	<SpecID>MVV-3879</SpecID>
	<Provider>Northwind Co., Ltd.</Provider>
</Product>
<Product>
	<ProductID>3444546</ProductID>
	<SpecID>KQ-1232</SpecID>
	<SubProduct>
		<code>CODE1</code>
		<code_desc>Manufacture U.S</code_desc>
		<count>1</count>
	</SubProduct>
	<SubProduct>
		<code>CODE21</code>
		<code_desc>Manufacture EU</code_desc>
		<count>3.40566516203703703703703703703703704E02</count>
	</SubProduct>
	<SubProduct>
		<code>CODE231</code>
		<code_desc>Manufacture China</code_desc>
		<count>211</count>
	</SubProduct>
	<SubProduct>
		<code>CODE28</code>
		<code_desc>Manufacture U.S</code_desc>
		<count>234</count>
	</SubProduct>
	<SubProduct>
		<code>CODE282</code>
		<code_desc>Manufacture H.K.</code_desc>
		<count>1</count>
	</SubProduct>
	<Provider>Shimbara Corp.</Provider>
</Product>
<Customer>
	<CustID>4385555</CustID>
	<CustName>IBM公司</CustName>
	<Tel>288817889-121</Tel>
</Customer>
<Log>KB 23</Log>
</Data>