﻿<?xml version="1.0" encoding="utf-8"?>
<Report>
<WorkSheet name="通讯录">
<Table>
<Col width="60"/>
<Col width="70"/>
<Col width="160"/>
<Col width="80"/>
<Col width="16"/>
<TR height="76">
<TD topborder="0" leftborder="0" align="center">公 司 员 工 通 讯 录</TD>
<TD/>
<TD/>
<TD/>
<TD topborder="0" leftborder="0"/>
</TR>
<TR height="22">
<TD align="center">部门</TD>
<TD align="center">姓名</TD>
<TD align="center">住址</TD>
<TD align="center">电话</TD>
<TD topborder="0"/>
</TR>

<TR height="22">
<TD>销售部</TD>
<TD>陈中</TD>
<TD>天河路中央大厦302</TD>
<TD>32873645</TD>
<TD topborder="0"/>
</TR>

<TR height="22">
<TD>财务部</TD>
<TD>李家康</TD>
<TD>富宁路灯塔巷33-1</TD>
<TD>32980928</TD>
<TD topborder="0"/>
</TR>

<TR height="18">
<TD leftborder="0"/>
<TD leftborder="0"/>
<TD leftborder="0"/>
<TD leftborder="0"/>
<TD leftborder="0" topborder="0"/>
</TR>
</Table>
<Merges>
<Range row1="0" col1="0" row2="0" col2="3"/>
</Merges>

</WorkSheet>
</Report>