﻿<?xml version="1.0" encoding="UTF-8" ?>
<cols>
<col name="id">工号</col>
<col name="name">姓名</col>
<col name="wy" datatype="int">工龄</col>
<col name="dept">部门</col>
<col name="item1" dataType="double">基本工资</col>
<col name="item2" dataType="double">工龄补贴</col>
<col name="item3" dataType="double">餐费</col>
<col name="item4" dataType="double">通信费</col>
<col name="item5" dataType="double">独生子女费</col>
<col name="item6" dataType="double">加班费</col>
<col name="de1" dataType="double">还借款</col>
<col name="de2" dataType="double">个税</col>
</cols>