﻿<?xml version="1.0" encoding="utf-8"?>
<root>
<global>
	<hue>Lividity</hue>
	<dateformat>%Y.%m.%d</dateformat>
	<datetimeformat>%Y.%m.%d %H:%M:%S</datetimeformat>
	<MultiLineEnter>Ctrl+Enter</MultiLineEnter>
	<isWordWrap>false</isWordWrap>
	<bgColor>context</bgColor>
	<httpCache>localhostNoCache</httpCache>
	<httpConnectingPromptTimeout>5</httpConnectingPromptTimeout>
	<autoEncodeChineseURL>none</autoEncodeChineseURL>
	<spinAsCalendar>false</spinAsCalendar>
	<startDate>2000.1.1</startDate>
	<callFuncWhenAsynch>ignore</callFuncWhenAsynch>
	<chartcolors></chartcolors>
	<convertDataFileType></convertDataFileType>
	<convertPictureFileType></convertPictureFileType>
	<SeparateBarWidth>3</SeparateBarWidth>
	<SeparateBarColor>#F0F0F0,#FFFFFF,#C8C8C8</SeparateBarColor>
</global>
<Treelist>
	<menu>copy,paste,pasteNewrow,delete,deleteMore,insert,selectCol,print,addSort,export,import,hue,showruler,separate,expandTree,displayAs,enter</menu>
	<pasteAbleWhenUnEditAble>false</pasteAbleWhenUnEditAble>
	<export>
		<mask>asDisplay</mask>
		<dropdownMask>asDisplay</dropdownMask>
		<isIncludeHead>true</isIncludeHead>
	</export>
	<Properties>
		<isHiLightModified>false</isHiLightModified>
		<isHiLightNewRow>false</isHiLightNewRow>
		<multiLayerAble>true</multiLayerAble>
		<rowHeight>19</rowHeight>
		<headerHeight>24</headerHeight>
		<headerFontIndex></headerFontIndex>
		<disableRowFlag>gray</disableRowFlag>
		<curselMode>row</curselMode>
		<isSelectEditWhenFocus>auto</isSelectEditWhenFocus>
		<innerShadow>top.width=6;top.alpha=25;left.width=2;left.alpha=33</innerShadow>
		<separateBarStyle>auto</separateBarStyle>
		<isHideLeftScroll>true</isHideLeftScroll>
		<isFrozenWhenSeparate>true</isFrozenWhenSeparate>
		<isDrawUncheckedRadio>false</isDrawUncheckedRadio>
		<autoBreakLine>0</autoBreakLine>
		<autoUpdate>false</autoUpdate>
		<fadeInStep>20</fadeInStep>
		<leftWidth>35</leftWidth>
	</Properties>
	<Fonts>
	</Fonts>
	<col>
		<width>0.1</width>
		<editableNewRow>false</editableNewRow>
		<isThousandSeparat>true</isThousandSeparat>
	</col>
</Treelist>
<Freeform>
	<Properties>
		<isSelectEditWhenFocus>auto</isSelectEditWhenFocus>
		<HilightUnNullAble>false</HilightUnNullAble>
	</Properties>
	<Fonts>
	</Fonts>
	<Objects>
		<Input>
			<LeftTextAlign>right</LeftTextAlign>
		</Input>
	</Objects>
</Freeform>
<Report>
	<DSAreaIfRowsMerged>false</DSAreaIfRowsMerged>
	<DSCenterDialogHeader>url</DSCenterDialogHeader>
	<DSCenterURL></DSCenterURL>
	<DSDataFunctionText>none</DSDataFunctionText>
	<fadeInStep>5</fadeInStep>
</Report>
</root>