﻿<?xml version='1.0' encoding='utf-8' ?>
<Toolbars>
	<Toolbar name='MyToolbar' imageList='abc.bmp' imageHeight='32' imageTransparentColor='#C0C0C0' textAlign='right' textDistance='4'>
		<!-- text='打印 |Print'中的多余空格是为了增加按钮间隔 -->
		<item id='11'  imageIndex='0' text='打印 |Print' tip='打印|Print'/>
		<item id='318' imageIndex='1' text='输出|Export' tip='输出、发送Email|Export or send Email'/>
		<item id='189' imageIndex='2' text='关于|About' tip='关于|About'/>
		<item id='0'/>
		<item id='3000' imageIndex='3' text='结算|BS.1' tip='自定义结算业务1|User define1'/>
		<item id='3001' imageIndex='4' text='贸易|BS.2' tip='自定义贸易业务2|User define2'>
			<item id='3002' imageIndex='5' text='进口' detail='大宗货物进口，公司主营'/>
			<item id='3003' imageIndex='6' text='出口'>
				<item id='3004' imageIndex='7' text='加拿大' detail='汽车配件、灯具、纺织品\r\n燃料'/>
				<item id='3005' imageIndex='8' text='韩国' detail='出口韩国货物：植物油'/>
				<item id='3006' imageIndex='9' text='英国' detail='汽车配件、电子元器件'/>
				<item id='3007' imageIndex='10' text='美国'/>
			</item>
		</item>
	</Toolbar>
</Toolbars>
