﻿<?xml version="1.0" encoding="utf-8"?>
<data>
<record>
	<TradeMark>Mercedes-Benz</TradeMark>
	<Category>Sports</Category>
	<Model>SL500 Roadster</Model>
	<Picture>1.jpg</Picture>
	<Capacity>4.966</Capacity>
	<Automatic>yes</Automatic>
	<Price>83800</Price>
	<inStock>2</inStock>
	<madein>1</madein>
	<other>长/宽/高(mm): 4535/1815/1298
轴距(mm): 2945
轮距(前后)(mm): 1559/1547
最小离地间隙(mm): 2560
整备质量(kg): 1845
前排内部高度(mm): 957
前排内部宽度(mm): 1444
承载质量(kg): 295</other>
</record>
<record>
	<TradeMark>Mercedes-Benz</TradeMark>
	<Category>Sports</Category>
	<Model>CLK55 AMG Cabriolet</Model>
	<Picture>2.jpg</Picture>
	<Capacity>5.439</Capacity>
	<Automatic>yes</Automatic>
	<Price>79645</Price>
	<inStock>3</inStock>
	<madein>1</madein>
	<other>长/宽/高(mm): 4638/1740/1382
轴距(mm)：2715
最大功率(kw)：270/5750 Kw/rpm
油耗(L)：62.00
最高时速(km/h)：0
最大扭矩(nm)：376/4000 nm/rpm</other>
</record>
<record>
	<TradeMark>Mercedes-Benz</TradeMark>
	<Category>Sports</Category>
	<Model>C230 Kompressor Sport Coupe</Model>
	<Picture>3.jpg</Picture>
	<Capacity>1.8</Capacity>
	<Automatic>yes</Automatic>
	<Price>25600</Price>
	<inStock>1</inStock>
	<madein>1</madein>
	<other>长/宽/高(mm): 4343/1727/1379
轴距(mm): 2715
排气量(L): 1.8
最大功率(kW/rpm): 141.0/5800
最大扭矩(N.m/rpm): 260/3500-4000
轮胎规格: 205/55R16
最高车速(km/h): 236</other>
</record>
<record>
	<TradeMark>BMW</TradeMark>
	<Category>Saloon</Category>
	<Model>530i</Model>
	<Picture>4.jpg</Picture>
	<Capacity>3</Capacity>
	<Automatic>yes</Automatic>
	<Price>83800</Price>
	<inStock>7</inStock>
	<madein>1</madein>
	<other>0-100公里加速时间：7.1秒
百公里平均耗油：9.9 升
铝质整体后车桥
最大扭矩/转速: 300牛米 / 3,500转/分
双球节控制臂前悬挂系统
最大功率/转速: 170千瓦(231马力) / 5,900转/分</other>
</record>
<record>
	<TradeMark>Rolls-Royce</TradeMark>
	<Category>Saloon</Category>
	<Model>Corniche</Model>
	<Picture>5.jpg</Picture>
	<Capacity>6.75</Capacity>
	<Automatic>yes</Automatic>
	<Price>370485</Price>
	<inStock>1</inStock>
	<madein>2</madein>
	<other></other>
</record>
<record>
	<TradeMark>Jaguar</TradeMark>
	<Category>Saloon</Category>
	<Model>S-Type 3.0</Model>
	<Picture>6.jpg</Picture>
	<Capacity>3</Capacity>
	<Automatic>yes</Automatic>
	<Price>44320</Price>
	<inStock>0</inStock>
	<madein>2</madein>
	<other>长/宽/高: 4877/1818/1447mm
车重: 1710Kg
轴距: 2909mm
前轮距: 1534mm
后轮距: 1542mm
最小离地间隙: 104mm
车身结构: 三厢
车门数: 4
座位数: 5个</other>
</record>
<record>
	<TradeMark>Cadillac</TradeMark>
	<Category>Saloon</Category>
	<Model>Seville</Model>
	<Picture>7.jpg</Picture>
	<Capacity>4.6</Capacity>
	<Automatic>yes</Automatic>
	<Price>49600</Price>
	<inStock>3</inStock>
	<madein>3</madein>
	<other>凯迪拉克公司最早是为了应付石油危机和价格上涨而推出的Seville轿车，当时该车使用雪佛莱Nova轿车平台，并得到了广泛欢迎。现在的 Seville轿车经过重新设计于1990年推出，用来应付由于大量欧洲和日本豪华轿车进口带来的激烈竞争。从那时起，Seville就一直占据销量排行榜前五名。</other>
</record>
</data>