﻿<?xml version="1.0" encoding="utf-8"?>
<root>
	<masterPart>
		<id>20100920</id>
		<total>3000000.00</total>
		<rate>6.8920</rate>
		<dt>2010.10.20</dt>
		<checked>true</checked>
		<cust>COMMI</cust>
		<country>9</country>
		<city>Portland</city>
	</masterPart>
	<detailPart>
		<record>
			<sn>KI029</sn>
			<prodId>139847</prodId>
			<product>S-甲基异硫脲硫酸盐</product>
			<LimitDate>2012.12.31</LimitDate>
			<num>300</num>
			<memo>装箱单KH-123</memo>
		</record>
		<record>
			<sn>KI0012</sn>
			<prodId>945876</prodId>
			<product>2-氯丙烯腈</product>
			<LimitDate>2012.12.31</LimitDate>
			<num>3100</num>
			<memo></memo>
		</record>
		<record>
			<sn>KI3311</sn>
			<prodId>849504</prodId>
			<product>那格列奈</product>
			<LimitDate>2011.02.01</LimitDate>
			<num>10000</num>
			<memo>(散装)</memo>
		</record>
	</detailPart>
</root>
