﻿<?xml version="1.0" encoding="UTF-8"?>
<table>
	<row>
		<Country>France</Country>
		<OrderID>10248</OrderID>
		<CustomerID>VINET</CustomerID>
		<dts>2006.07.04/2006.08.01</dts>
		<Freight/>
		<ShipName>Com Test&apos;c	5bc</ShipName>
		<ShipCity>Reims</ShipCity>
		<ShipAddress/>
	</row>
	<row>
		<Country>Germany</Country>
		<OrderID>10249</OrderID>
		<CustomerID>TOMSP</CustomerID>
		<dts>2006.07.04/2006.08.16</dts>
		<Freight>11.61</Freight>
		<ShipName>Toms Spezialitten</ShipName>
		<ShipCity>Munster</ShipCity>
		<ShipAddress>Luisenstr. 48</ShipAddress>
	</row>
	<row>
		<Country>Brazil</Country>
		<OrderID>10250</OrderID>
		<CustomerID>HANAR</CustomerID>
		<dts>2006.07.04/2006.08.05</dts>
		<Freight>65.83</Freight>
		<ShipName>Hanari Carnes</ShipName>
		<ShipCity>Rio de Janeiro</ShipCity>
		<ShipAddress>Rua do Pao, 67</ShipAddress>
	</row>
	<row>
		<Country>France</Country>
		<OrderID>10251</OrderID>
		<CustomerID>VICTE</CustomerID>
		<dts>2006.07.04/2006.08.05</dts>
		<Freight>41.34</Freight>
		<ShipName>Victuailles en stock</ShipName>
		<ShipCity>Lyon</ShipCity>
		<ShipAddress>2, rue du Commerce</ShipAddress>
	</row>
	<row>
		<Country>Belgium</Country>
		<OrderID>10252</OrderID>
		<CustomerID>SUPRD</CustomerID>
		<dts>2006.07.04/2006.08.06</dts>
		<Freight>51.30</Freight>
		<ShipName>Supremes delices</ShipName>
		<ShipCity>Charleroi</ShipCity>
		<ShipAddress>Boulevard Tirou, 255</ShipAddress>
	</row>
	<row>
		<Country>Brazil</Country>
		<OrderID>10253</OrderID>
		<CustomerID>HANAR</CustomerID>
		<dts>2006.07.04/2006.07.24</dts>
		<Freight>58.17</Freight>
		<ShipName>Hanari Carnes</ShipName>
		<ShipCity>Rio de Janeiro</ShipCity>
		<ShipAddress>Rua do Pao, 67</ShipAddress>
	</row>
	<row>
		<Country>Switzerland</Country>
		<OrderID>10254</OrderID>
		<CustomerID>CHOPS</CustomerID>
		<dts>2006.07.11/2006.08.08</dts>
		<Freight>22.98</Freight>
		<ShipName>Chop-suey Chinese</ShipName>
		<ShipCity>Bern</ShipCity>
		<ShipAddress>Hauptstr. 31</ShipAddress>
	</row>
	<row>
		<Country>Switzerland</Country>
		<OrderID>10255</OrderID>
		<CustomerID>RICSU</CustomerID>
		<dts>2006.07.11/2006.08.09</dts>
		<Freight>148.33</Freight>
		<ShipName>Richter Supermarkt</ShipName>
		<ShipCity>Geneve</ShipCity>
		<ShipAddress>Starenweg 5</ShipAddress>
	</row>
	<row>
		<Country>Brazil</Country>
		<OrderID>10256</OrderID>
		<CustomerID>WELLI</CustomerID>
		<dts>2006.07.11/2006.08.12</dts>
		<Freight>13.97</Freight>
		<ShipName>Wellington Importadora</ShipName>
		<ShipCity>Resende</ShipCity>
		<ShipAddress>Rua do Mercado, 12</ShipAddress>
	</row>
	<row>
		<Country>Venezuela</Country>
		<OrderID>10257</OrderID>
		<CustomerID>HILAA</CustomerID>
		<dts>2006.07.11/2006.08.13</dts>
		<Freight>81.91</Freight>
		<ShipName>HILARION-Abastos</ShipName>
		<ShipCity>San Cristobal</ShipCity>
		<ShipAddress>Carrera 22 con Ave. Carlos Soublette #8-35</ShipAddress>
	</row>
	<row>
		<Country>Austria</Country>
		<OrderID>10258</OrderID>
		<CustomerID>ERNSH</CustomerID>
		<dts>2006.07.17/2006.08.14</dts>
		<Freight>140.51</Freight>
		<ShipName>Ernst Handel</ShipName>
		<ShipCity>Graz</ShipCity>
		<ShipAddress>Kirchgasse 6</ShipAddress>
	</row>
	<row>
		<Country>Mexico</Country>
		<OrderID>10259</OrderID>
		<CustomerID>CENTC</CustomerID>
		<dts>2006.07.18/2006.08.15</dts>
		<Freight>3.25</Freight>
		<ShipName>Centro comercial Moctezuma</ShipName>
		<ShipCity>Mexico D.F.</ShipCity>
		<ShipAddress>Sierras de Granada 9993</ShipAddress>
	</row>
	<row>
		<Country>Germany</Country>
		<OrderID>10260</OrderID>
		<CustomerID>OTTIK</CustomerID>
		<dts>2006.07.19/2006.08.16</dts>
		<Freight>55.09</Freight>
		<ShipName>Ottilies Kseladen</ShipName>
		<ShipCity>Kln</ShipCity>
		<ShipAddress>Mehrheimerstr. 369</ShipAddress>
	</row>
	<row>
		<Country>Brazil</Country>
		<OrderID>10261</OrderID>
		<CustomerID>QUEDE</CustomerID>
		<dts>2006.07.19/2006.08.16</dts>
		<Freight>3.05</Freight>
		<ShipName>Que Delicia</ShipName>
		<ShipCity>Rio de Janeiro</ShipCity>
		<ShipAddress>Rua da Panificadora, 12</ShipAddress>
	</row>
	<row>
		<Country>USA</Country>
		<OrderID>10262</OrderID>
		<CustomerID>RATTC</CustomerID>
		<dts>2006.07.22/2006.08.19</dts>
		<Freight>48.29</Freight>
		<ShipName>Rattlesnake Canyon Grocery</ShipName>
		<ShipCity>Albuquerque</ShipCity>
		<ShipAddress>2817 Milton Dr.</ShipAddress>
	</row>
	<row>
		<Country>Austria</Country>
		<OrderID>10263</OrderID>
		<CustomerID>ERNSH</CustomerID>
		<dts>2006.07.23/2006.08.20</dts>
		<Freight>146.06</Freight>
		<ShipName>Ernst Handel</ShipName>
		<ShipCity>Graz</ShipCity>
		<ShipAddress>Kirchgasse 6</ShipAddress>
	</row>
	<row>
		<Country>Austria</Country>
		<OrderID>10747</OrderID>
		<CustomerID>PICCO</CustomerID>
		<dts>2007.11.19/2007.12.17</dts>
		<Freight>117.33</Freight>
		<ShipName>Piccolo und mehr</ShipName>
		<ShipCity>Salzburg</ShipCity>
		<ShipAddress>Geislweg 14</ShipAddress>
	</row>
</table>