﻿<?xml version='1.0' encoding='utf-8'?>
<table>
<record>
<id>0</id>
<url>http://www.supcan.cn/download/cd000.jpg</url>
<tip>帕格尼尼 小提琴与吉他的二重奏</tip>
</record>
<record>
<id>1</id>
<url>http://www.supcan.cn/download/cd001.jpg</url>
<tip>香卡.西太尔琴名曲</tip>
</record>
<record>
<id>2</id>
<url>http://www.supcan.cn/download/cd002.jpg</url>
<tip>贝多芬钢琴与管线乐队作品</tip>
</record>
<record>
<id>3</id>
<url>http://www.supcan.cn/download/cd003.jpg</url>
<tip>勃拉姆斯第二钢琴协奏曲(阿什肯纳吉/维也纳爱乐)</tip>
</record>
<record>
<id>4</id>
<url>http://www.supcan.cn/download/cd004.jpg</url>
<tip>勃拉姆斯第二钢琴协奏曲(布伦德尔/海廷克)</tip>
</record>
<record>
<id>5</id>
<url>http://www.supcan.cn/download/cd005.jpg</url>
<tip>莫扎特No.21钢琴协奏曲(巴伦伯依姆)</tip>
</record>
<record>
<id>6</id>
<url>http://www.supcan.cn/download/cd006.jpg</url>
<tip>华沙协奏曲</tip>
</record>
<record>
<id>7</id>
<url>http://www.supcan.cn/download/cd007.jpg</url>
<tip>勃拉姆斯 弦乐小夜曲</tip>
</record>
<record>
<id>8</id>
<url>http://www.supcan.cn/download/cd008.jpg</url>
<tip>肖邦名作(克劳迪欧.阿劳)</tip>
</record>
<record>
<id>9</id>
<url>http://www.supcan.cn/download/cd009.jpg</url>
<tip>肖邦钢琴前奏曲集(波利尼)</tip>
</record>
<record>
<id>10</id>
<url>http://www.supcan.cn/download/cd010.jpg</url>
<tip>肖邦圆舞曲集</tip>
</record>
<record>
<id>11</id>
<url>http://www.supcan.cn/download/cd011.jpg</url>
<tip>肖邦圆舞曲、练习曲</tip>
</record>
<record>
<id>12</id>
<url>http://www.supcan.cn/download/cd012.jpg</url>
<tip>肖邦 雨滴前奏曲</tip>
</record>
<record>
<id>13</id>
<url>http://www.supcan.cn/download/cd013.jpg</url>
<tip>李斯特钢琴名曲(布伦德尔)</tip>
</record>
<record>
<id>14</id>
<url>http://www.supcan.cn/download/cd014.jpg</url>
<tip>门德尔松无词歌</tip>
</record>
<record>
<id>15</id>
<url>http://www.supcan.cn/download/cd015.jpg</url>
<tip>霍洛维兹珍贵录音</tip>
</record>
<record>
<id>16</id>
<url>http://www.supcan.cn/download/cd016.jpg</url>
<tip>穆索尔斯基荒山之夜(吉列尔斯)</tip>
</record>
<record>
<id>17</id>
<url>http://www.supcan.cn/download/cd017.jpg</url>
<tip>拉威尔F大调弦乐四重奏</tip>
</record>
<record>
<id>18</id>
<url>http://www.supcan.cn/download/cd018.jpg</url>
<tip>小提琴名曲(克莱默)</tip>
</record>
<record>
<id>19</id>
<url>http://www.supcan.cn/download/cd019.jpg</url>
<tip>布鲁赫G小调小提琴协奏曲(大卫.奥伊斯特拉赫)</tip>
</record>
<record>
<id>20</id>
<url>http://www.supcan.cn/download/cd020.jpg</url>
<tip>小提琴名曲</tip>
</record>
<record>
<id>21</id>
<url>http://www.supcan.cn/download/cd021.jpg</url>
<tip>巴赫、海顿小提琴与乐队协奏曲</tip>
</record>
<record>
<id>22</id>
<url>http://www.supcan.cn/download/cd022.jpg</url>
<tip>巴赫二首小提琴协奏曲(海菲兹)</tip>
</record>
<record>
<id>23</id>
<url>http://www.supcan.cn/download/cd023.jpg</url>
<tip>贝多芬D大调小提琴协奏曲(大卫.奥伊斯特拉赫)</tip>
</record>
<record>
<id>24</id>
<url>http://www.supcan.cn/download/cd024.jpg</url>
<tip>艾尔加小提琴协奏曲(帕尔曼)</tip>
</record>
<record>
<id>25</id>
<url>http://www.supcan.cn/download/cd025.jpg</url>
<tip>门德尔松E小调小提琴协奏曲</tip>
</record>
<record>
<id>26</id>
<url>http://www.supcan.cn/download/cd026.jpg</url>
<tip>莫扎特第二、三小提琴协奏曲(梅纽因)</tip>
</record>
<record>
<id>27</id>
<url>http://www.supcan.cn/download/cd027.jpg</url>
<tip>圣桑第三小提琴协奏曲(谢林)</tip>
</record>
<record>
<id>28</id>
<url>http://www.supcan.cn/download/cd028.jpg</url>
<tip>爱的喜悦、爱的忧伤</tip>
</record>
<record>
<id>29</id>
<url>http://www.supcan.cn/download/cd029.jpg</url>
<tip>浪漫小提琴名曲(费拉斯)</tip>
</record>
<record>
<id>30</id>
<url>http://www.supcan.cn/download/cd030.jpg</url>
<tip>最喜爱的小提琴名曲</tip>
</record>
<record>
<id>31</id>
<url>http://www.supcan.cn/download/cd031.jpg</url>
<tip>格鲁米欧演奏的小提琴名曲</tip>
</record>
<record>
<id>32</id>
<url>http://www.supcan.cn/download/cd032.jpg</url>
<tip>格鲁米欧演奏的小提琴浪漫曲</tip>
</record>
<record>
<id>33</id>
<url>http://www.supcan.cn/download/cd033.jpg</url>
<tip>勃拉姆斯小提琴协奏曲(郑京和)</tip>
</record>
<record>
<id>34</id>
<url>http://www.supcan.cn/download/cd034.jpg</url>
<tip>贝多芬小提琴奏鸣曲(祖克曼)</tip>
</record>
<record>
<id>35</id>
<url>http://www.supcan.cn/download/cd035.jpg</url>
<tip>罗西尼弦乐四重奏</tip>
</record>
<record>
<id>36</id>
<url>http://www.supcan.cn/download/cd036.jpg</url>
<tip>罗西尼弦乐奏鸣曲</tip>
</record>
<record>
<id>37</id>
<url>http://www.supcan.cn/download/cd037.jpg</url>
<tip>圣桑小提琴协奏曲(帕尔曼)</tip>
</record>
<record>
<id>38</id>
<url>http://www.supcan.cn/download/cd038.jpg</url>
<tip>德沃夏克弦乐小夜曲(奥菲欧室内乐团)</tip>
</record>
<record>
<id>39</id>
<url>http://www.supcan.cn/download/cd039.jpg</url>
<tip>德沃夏克管弦乐作品集</tip>
</record>
<record>
<id>40</id>
<url>http://www.supcan.cn/download/cd040.jpg</url>
<tip>莫扎特G大调弦乐小夜曲(卡拉扬)</tip>
</record>
<record>
<id>41</id>
<url>http://www.supcan.cn/download/cd041.jpg</url>
<tip>莫扎特G大调弦乐小夜曲(伯姆)</tip>
</record>
<record>
<id>42</id>
<url>http://www.supcan.cn/download/cd042.jpg</url>
<tip>莫扎特“邮角”小夜曲</tip>
</record>
<record>
<id>43</id>
<url>http://www.supcan.cn/download/cd043.jpg</url>
<tip>莫扎特G大调弦乐小夜曲(马克拉斯)</tip>
</record>
<record>
<id>44</id>
<url>http://www.supcan.cn/download/cd044.jpg</url>
<tip>莫扎特弦乐小夜曲集(I Music)</tip>
</record>
<record>
<id>45</id>
<url>http://www.supcan.cn/download/cd045.jpg</url>
<tip>莫扎特弦乐小夜曲集</tip>
</record>
<record>
<id>46</id>
<url>http://www.supcan.cn/download/cd046.jpg</url>
<tip>世界著名小夜曲集锦</tip>
</record>
<record>
<id>47</id>
<url>http://www.supcan.cn/download/cd047.jpg</url>
<tip>夜曲四首</tip>
</record>
<record>
<id>48</id>
<url>http://www.supcan.cn/download/cd048.jpg</url>
<tip>浪漫小夜曲集锦</tip>
</record>
<record>
<id>49</id>
<url>http://www.supcan.cn/download/cd049.jpg</url>
<tip>巴赫无伴奏大提琴组曲(马友友)</tip>
</record>
<record>
<id>50</id>
<url>http://www.supcan.cn/download/cd50_70.zip#cd050.jpg</url>
<tip>德沃夏克大提琴协奏曲(富尼埃)</tip>
</record>
<record>
<id>51</id>
<url>http://www.supcan.cn/download/cd50_70.zip#cd051.jpg</url>
<tip>德沃夏克大提琴协奏曲、回旋曲</tip>
</record>
<record>
<id>52</id>
<url>http://www.supcan.cn/download/cd50_70.zip#cd052.jpg</url>
<tip>马友友演奏的大提琴名曲</tip>
</record>
<record>
<id>53</id>
<url>http://www.supcan.cn/download/cd50_70.zip#cd053.jpg</url>
<tip>德沃夏克大提琴协奏曲(皮亚蒂戈尔斯基)</tip>
</record>
<record>
<id>54</id>
<url>http://www.supcan.cn/download/cd50_70.zip#cd054.jpg</url>
<tip>德沃夏克B小调大提琴协奏曲</tip>
</record>
<record>
<id>55</id>
<url>http://www.supcan.cn/download/cd50_70.zip#cd055.jpg</url>
<tip>艾尔加大提琴协奏曲</tip>
</record>
<record>
<id>56</id>
<url>http://www.supcan.cn/download/cd50_70.zip#cd056.jpg</url>
<tip>艾尔加大提琴协奏曲(杜.普蕾)</tip>
</record>
<record>
<id>57</id>
<url>http://www.supcan.cn/download/cd50_70.zip#cd057.jpg</url>
<tip>杜.普蕾演奏的大提琴名曲</tip>
</record>
<record>
<id>58</id>
<url>http://www.supcan.cn/download/cd50_70.zip#cd058.jpg</url>
<tip>保罗.托特利演奏的大提琴名曲</tip>
</record>
<record>
<id>59</id>
<url>http://www.supcan.cn/download/cd50_70.zip#cd059.jpg</url>
<tip>韦伯.和我的大提琴一起旅游</tip>
</record>
<record>
<id>60</id>
<url>http://www.supcan.cn/download/cd50_70.zip#cd060.jpg</url>
<tip>世界名曲集</tip>
</record>
<record>
<id>61</id>
<url>http://www.supcan.cn/download/cd50_70.zip#cd061.jpg</url>
<tip>贝多芬全集</tip>
</record>
<record>
<id>62</id>
<url>http://www.supcan.cn/download/cd50_70.zip#cd062.jpg</url>
<tip>帕戈达斯王子</tip>
</record>
<record>
<id>63</id>
<url>http://www.supcan.cn/download/cd50_70.zip#cd063.jpg</url>
<tip>本杰明.布里顿名作</tip>
</record>
<record>
<id>64</id>
<url>http://www.supcan.cn/download/cd50_70.zip#cd064.jpg</url>
<tip>长笛名曲</tip>
</record>
<record>
<id>65</id>
<url>http://www.supcan.cn/download/cd50_70.zip#cd065.jpg</url>
<tip>科普兰 阿巴拉契亚地区的春天</tip>
</record>
<record>
<id>66</id>
<url>http://www.supcan.cn/download/cd50_70.zip#cd066.jpg</url>
<tip>科普兰 罗迪欧</tip>
</record>
<record>
<id>67</id>
<url>http://www.supcan.cn/download/cd50_70.zip#cd067.jpg</url>
<tip>科普兰 电影配乐选</tip>
</record>
<record>
<id>68</id>
<url>http://www.supcan.cn/download/cd50_70.zip#cd068.jpg</url>
<tip>科普兰 阿巴拉契亚地区的春天</tip>
</record>
<record>
<id>69</id>
<url>http://www.supcan.cn/download/cd50_70.zip#cd069.jpg</url>
<tip>德彪西 大海</tip>
</record>
<record>
<id>70</id>
<url>http://www.supcan.cn/download/cd50_70.zip#cd070.jpg</url>
<tip></tip>
</record>
<record>
<id>71</id>
<url>http://www.supcan.cn/download/cd71_99.zip#cd071.jpg</url>
<tip>格什温 蓝色狂想曲</tip>
</record>
<record>
<id>72</id>
<url>http://www.supcan.cn/download/cd71_99.zip#cd072.jpg</url>
<tip>蓝色狂想曲，华沙协奏曲</tip>
</record>
<record>
<id>73</id>
<url>http://www.supcan.cn/download/cd71_99.zip#cd073.jpg</url>
<tip>格里格 培尔.金特组曲</tip>
</record>
<record>
<id>74</id>
<url>http://www.supcan.cn/download/cd71_99.zip#cd074.jpg</url>
<tip>格里格 培尔.金特组曲(马利纳)</tip>
</record>
<record>
<id>75</id>
<url>http://www.supcan.cn/download/cd71_99.zip#cd075.jpg</url>
<tip>霍尔斯特 行星组曲</tip>
</record>
<record>
<id>76</id>
<url>http://www.supcan.cn/download/cd71_99.zip#cd076.jpg</url>
<tip>Pineapple Poll</tip>
</record>
<record>
<id>77</id>
<url>http://www.supcan.cn/download/cd71_99.zip#cd077.jpg</url>
<tip>门德尔松 仲夏夜之梦(库贝利克)</tip>
</record>
<record>
<id>78</id>
<url>http://www.supcan.cn/download/cd71_99.zip#cd078.jpg</url>
<tip>奥尔夫 Carmina Burana(Jochum)</tip>
</record>
<record>
<id>79</id>
<url>http://www.supcan.cn/download/cd71_99.zip#cd079.jpg</url>
<tip>奥尔夫 Carmina Burana(穆蒂)</tip>
</record>
<record>
<id>80</id>
<url>http://www.supcan.cn/download/cd71_99.zip#cd080.jpg</url>
<tip>拉威尔 达芙妮与克罗埃尔</tip>
</record>
<record>
<id>81</id>
<url>http://www.supcan.cn/download/cd71_99.zip#cd081.jpg</url>
<tip>雷斯皮基 罗马的松树(迪托瓦)</tip>
</record>
<record>
<id>82</id>
<url>http://www.supcan.cn/download/cd71_99.zip#cd082.jpg</url>
<tip>雷斯皮基 古风咏叹调(小泽征尔)</tip>
</record>
<record>
<id>83</id>
<url>http://www.supcan.cn/download/cd71_99.zip#cd083.jpg</url>
<tip>西贝柳斯 芬兰颂</tip>
</record>
<record>
<id>84</id>
<url>http://www.supcan.cn/download/cd71_99.zip#cd084.jpg</url>
<tip>芭蕾舞剧 灰姑娘</tip>
</record>
<record>
<id>85</id>
<url>http://www.supcan.cn/download/cd71_99.zip#cd085.jpg</url>
<tip>斯特拉文斯基 火鸟</tip>
</record>
<record>
<id>86</id>
<url>http://www.supcan.cn/download/cd71_99.zip#cd086.jpg</url>
<tip>贝多芬 第六'田园'交响曲</tip>
</record>
<record>
<id>87</id>
<url>http://www.supcan.cn/download/cd71_99.zip#cd087.jpg</url>
<tip>贝多芬 交响曲全集</tip>
</record>
<record>
<id>88</id>
<url>http://www.supcan.cn/download/cd71_99.zip#cd088.jpg</url>
<tip>布鲁克纳 交响曲全集</tip>
</record>
<record>
<id>89</id>
<url>http://www.supcan.cn/download/cd71_99.zip#cd089.jpg</url>
<tip>布鲁克纳 第二交响曲(卡拉扬)</tip>
</record>
<record>
<id>90</id>
<url>http://www.supcan.cn/download/cd71_99.zip#cd090.jpg</url>
<tip>德沃夏克第八交响曲</tip>
</record>
<record>
<id>91</id>
<url>http://www.supcan.cn/download/cd71_99.zip#cd091.jpg</url>
<tip>德沃夏克第九交响曲</tip>
</record>
<record>
<id>92</id>
<url>http://www.supcan.cn/download/cd71_99.zip#cd092.jpg</url>
<tip>艾尔加第一交响曲</tip>
</record>
<record>
<id>93</id>
<url>http://www.supcan.cn/download/cd71_99.zip#cd093.jpg</url>
<tip>艾尔加第二交响曲</tip>
</record>
<record>
<id>94</id>
<url>http://www.supcan.cn/download/cd71_99.zip#cd094.jpg</url>
<tip>艾尔加第二交响曲</tip>
</record>
<record>
<id>95</id>
<url>http://www.supcan.cn/download/cd71_99.zip#cd095.jpg</url>
<tip>弗兰克 d小调交响曲(穆蒂)</tip>
</record>
<record>
<id>96</id>
<url>http://www.supcan.cn/download/cd71_99.zip#cd096.jpg</url>
<tip>英国作曲家 哈代 交响作品</tip>
</record>
<record>
<id>97</id>
<url>http://www.supcan.cn/download/cd71_99.zip#cd097.jpg</url>
<tip>海顿'伦敦'、'告别'交响曲</tip>
</record>
<record>
<id>98</id>
<url>http://www.supcan.cn/download/cd71_99.zip#cd098.jpg</url>
<tip>海顿交响曲No.94</tip>
</record>
<record>
<id>99</id>
<url>http://www.supcan.cn/download/cd71_99.zip#cd099.jpg</url>
<tip>海顿交响曲No.83, No.104</tip>
</record>
<record>
<id>100</id>
<url>http://www.supcan.cn/download/cd100_120.zip#cd100.jpg</url>
<tip>海顿交响曲No.94(伯恩斯坦)</tip>
</record>
<record>
<id>101</id>
<url>http://www.supcan.cn/download/cd100_120.zip#cd101.jpg</url>
<tip>海顿交响曲No.11</tip>
</record>
<record>
<id>102</id>
<url>http://www.supcan.cn/download/cd100_120.zip#cd102.jpg</url>
<tip>海顿交响曲'军队', '奇迹'</tip>
</record>
<record>
<id>103</id>
<url>http://www.supcan.cn/download/cd100_120.zip#cd103.jpg</url>
<tip>海顿交响曲No.93, No.100</tip>
</record>
<record>
<id>104</id>
<url>http://www.supcan.cn/download/cd100_120.zip#cd104.jpg</url>
<tip>海顿交响曲'鼓声', '军队'(内维尔.马利纳)</tip>
</record>
<record>
<id>105</id>
<url>http://www.supcan.cn/download/cd100_120.zip#cd105.jpg</url>
<tip>海顿交响曲No.101, No.102(卡拉扬)</tip>
</record>
<record>
<id>106</id>
<url>http://www.supcan.cn/download/cd100_120.zip#cd106.jpg</url>
<tip>马勒 第一'巨人'交响曲(斯拉特金)</tip>
</record>
<record>
<id>107</id>
<url>http://www.supcan.cn/download/cd100_120.zip#cd107.jpg</url>
<tip>马勒 第四交响曲</tip>
</record>
<record>
<id>108</id>
<url>http://www.supcan.cn/download/cd100_120.zip#cd108.jpg</url>
<tip>马勒 第四交响曲</tip>
</record>
<record>
<id>109</id>
<url>http://www.supcan.cn/download/cd100_120.zip#cd109.jpg</url>
<tip>马勒 第九交响曲(海廷克)</tip>
</record>
<record>
<id>110</id>
<url>http://www.supcan.cn/download/cd100_120.zip#cd110.jpg</url>
<tip>马勒 第1,2,3,4交响曲(海廷克)</tip>
</record>
<record>
<id>111</id>
<url>http://www.supcan.cn/download/cd100_120.zip#cd111.jpg</url>
<tip>门德尔松第五交响曲，舒曼第三交响曲(卡拉扬)</tip>
</record>
<record>
<id>112</id>
<url>http://www.supcan.cn/download/cd100_120.zip#cd112.jpg</url>
<tip>莫扎特 交响曲No.29,No.35(卡拉扬)</tip>
</record>
<record>
<id>113</id>
<url>http://www.supcan.cn/download/cd100_120.zip#cd113.jpg</url>
<tip>莫扎特 交响曲全集(卡拉扬)</tip>
</record>
<record>
<id>114</id>
<url>http://www.supcan.cn/download/cd100_120.zip#cd114.jpg</url>
<tip>莫扎特 交响曲No.33</tip>
</record>
<record>
<id>115</id>
<url>http://www.supcan.cn/download/cd100_120.zip#cd115.jpg</url>
<tip>莫扎特 '林茨','布拉格'交响曲(伯恩斯坦)</tip>
</record>
<record>
<id>116</id>
<url>http://www.supcan.cn/download/cd100_120.zip#cd116.jpg</url>
<tip>莫扎特 交响曲No.40</tip>
</record>
<record>
<id>117</id>
<url>http://www.supcan.cn/download/cd100_120.zip#cd117.jpg</url>
<tip>莫扎特 交响曲No.40(卡拉扬)</tip>
</record>
<record>
<id>118</id>
<url>http://www.supcan.cn/download/cd100_120.zip#cd118.jpg</url>
<tip>鲁勃拉 第七交响曲(保尔特)</tip>
</record>
<record>
<id>119</id>
<url>http://www.supcan.cn/download/cd100_120.zip#cd119.jpg</url>
<tip>圣桑 5部交响曲</tip>
</record>
<record>
<id>120</id>
<url>http://www.supcan.cn/download/cd100_120.zip#cd120.jpg</url>
<tip>圣桑作品集</tip>
</record>
<record>
<id>121</id>
<url>http://www.supcan.cn/download/cd121.jpg</url>
<tip>舒伯特第二、第六交响曲(内维尔.马利纳)</tip>
</record>
<record>
<id>122</id>
<url>http://www.supcan.cn/download/cd122.jpg</url>
<tip>舒伯特第三、第五交响曲(内维尔.马利纳)</tip>
</record>
<record>
<id>123</id>
<url>http://www.supcan.cn/download/cd123.jpg</url>
<tip>舒伯特第八'未完成'交响曲(Monteux)</tip>
</record>
<record>
<id>124</id>
<url>http://www.supcan.cn/download/cd124.jpg</url>
<tip>舒伯特第八'未完成'交响曲(Munchinger)</tip>
</record>
<record>
<id>125</id>
<url>http://www.supcan.cn/download/cd125.jpg</url>
<tip>舒曼 4部交响曲(穆蒂)</tip>
</record>
<record>
<id>126</id>
<url>http://www.supcan.cn/download/cd126.jpg</url>
<tip>肖斯塔科维奇交响曲No.13</tip>
</record>
<record>
<id>127</id>
<url>http://www.supcan.cn/download/cd127.jpg</url>
<tip>西贝柳斯 第一、二交响曲</tip>
</record>
<record>
<id>128</id>
<url>http://www.supcan.cn/download/cd128.jpg</url>
<tip>西贝柳斯 第二交响曲</tip>
</record>
<record>
<id>129</id>
<url>http://www.supcan.cn/download/cd129.jpg</url>
<tip>西贝柳斯 第三、四交响曲</tip>
</record>
<record>
<id>130</id>
<url>http://www.supcan.cn/download/cd130.jpg</url>
<tip>西贝柳斯 第五交响曲，卡雷利亚组曲</tip>
</record>
<record>
<id>131</id>
<url>http://www.supcan.cn/download/cd131.jpg</url>
<tip>柴可夫斯基第一交响曲'冬日的梦幻'</tip>
</record>
<record>
<id>132</id>
<url>http://www.supcan.cn/download/cd132.jpg</url>
<tip>柴可夫斯基 曼弗雷德交响曲(穆蒂)</tip>
</record>
<record>
<id>133</id>
<url>http://www.supcan.cn/download/cd133.jpg</url>
<tip>柴可夫斯基 曼弗雷德交响曲</tip>
</record>
<record>
<id>134</id>
<url>http://www.supcan.cn/download/cd134.jpg</url>
<tip>柴可夫斯基 第四、六交响曲(穆拉文斯基)</tip>
</record>
<record>
<id>135</id>
<url>http://www.supcan.cn/download/cd135.jpg</url>
<tip>柴可夫斯基 第五交响曲(Rozhdesty)</tip>
</record>
<record>
<id>136</id>
<url>http://www.supcan.cn/download/cd136.jpg</url>
<tip>柴可夫斯基 第五交响曲(索尔蒂)</tip>
</record>
<record>
<id>137</id>
<url>http://www.supcan.cn/download/cd137.jpg</url>
<tip>柴可夫斯基 第六交响曲(海廷克)</tip>
</record>
<record>
<id>138</id>
<url>http://www.supcan.cn/download/cd138.jpg</url>
<tip>柴可夫斯基 第六交响曲(莱纳)</tip>
</record>
<record>
<id>139</id>
<url>http://www.supcan.cn/download/cd139.jpg</url>
<tip>柴可夫斯基 第六交响曲(罗斯特罗波维奇)</tip>
</record>
<record>
<id>140</id>
<url>http://www.supcan.cn/download/cd140.jpg</url>
<tip>沃瀚.威廉姆斯 大海交响曲</tip>
</record></table>