﻿<?xml version="1.0" encoding="utf-8"?>
<root>
	<record>
		<name>A500</name>
		<spc1>学生情侣手机</spc1>
		<spc2>双卡双待 时尚英语</spc2>
		<num>930</num>
		<price1>738</price1>
		<price2>470</price2>
		<class>7</class>
		<brand>松下</brand>
		<madein>东莞</madein>
		<quality>-</quality>
	</record>
	<record>
		<name>E156</name>
		<spc1>超高性价比 学生机</spc1>
		<spc2>家长放心 学生舒心</spc2>
		<num>3102</num>
		<price1>199</price1>
		<price2>100</price2>
		<class>2</class>
		<brand>联想</brand>
		<madein>深圳</madein>
		<quality>-(无)</quality>
	</record>
	<record>
		<name>i510</name>
		<spc1>双卡双待 金属外壳</spc1>
		<spc2>三电超长待机</spc2>
		<num>420</num>
		<price1>720</price1>
		<price2>450</price2>
		<class>9</class>
		<brand>联想</brand>
		<madein>深圳</madein>
		<quality>一年质保</quality>
	</record>
	<record>
		<name>i300</name>
		<spc1>音乐手机 完美音质 学生首选</spc1>
		<spc2></spc2>
		<num>2737</num>
		<price1>899</price1>
		<price2>480</price2>
		<class>3</class>
		<brand>联想</brand>
		<madein>深圳</madein>
		<quality>一年保修</quality>
	</record>
	<record>
		<name>P629</name>
		<spc1>金刚机身 超长待机</spc1>
		<spc2>双卡双待 手写</spc2>
		<num>2201</num>
		<price1>900</price1>
		<price2>705</price2>
		<class>4</class>
		<brand>联想</brand>
		<madein>深圳</madein>
		<quality>二年保修</quality>
	</record>
	<record>
		<name>i61New</name>
		<spc1>杜比音效 超薄机身</spc1>
		<spc2>纯平触摸</spc2>
		<num>1828</num>
		<price1>1399</price1>
		<price2>899</price2>
		<class>5</class>
		<brand>联想</brand>
		<madein>长沙</madein>
		<quality>二年保修</quality>
	</record>
	<record>
		<name>ET600</name>
		<spc1>炒股手机 WIFI正品</spc1>
		<spc2>3G联保</spc2>
		<num>1211</num>
		<price1>2900</price1>
		<price2>2400</price2>
		<class>6</class>
		<brand>联想</brand>
		<madein>东莞</madein>
		<quality>三年保修，一月包换</quality>
	</record>
	<record>
		<name>S660</name>
		<spc1>GPS导航 大屏手写</spc1>
		<spc2></spc2>
		<num>3820</num>
		<price1>1799</price1>
		<price2>799</price2>
		<class>1</class>
		<brand>飞利浦</brand>
		<madein>武汉</madein>
		<quality>三年保修</quality>
	</record>
	<record>
		<name>i380</name>
		<spc1>超薄滑盖 学生音乐机</spc1>
		<spc2>支持QQ后台</spc2>
		<num>440</num>
		<price1>999</price1>
		<price2>680</price2>
		<class>8</class>
		<brand>联想</brand>
		<madein>深圳</madein>
		<quality>二年质保</quality>
	</record>
</root>
