﻿<?xml version='1.0' encoding='utf-8' ?>
<Toolbars>
	<Toolbar name='MyToolbar' imageList='abc.bmp' imageHeight='24' imageTransparentColor='#ffffff'>
		<item id='31' imageIndex='0' text='剪切|Cut' tip='剪切|Cut'/>
		<item id='20' imageIndex='1' text='复制|Copy' tip='复制|Copy'/>
		<item id='35' imageIndex='2' text='粘帖|Paste' tip='粘帖|Paste'/>
		<item id='274' imageIndex='3' tip='格式刷|Format brush'/>
		<item id='106' imageIndex='4' text='撤销|Undo' tip='撤销|Undo'/>
		<item id='107' imageIndex='5' defaultId='427' tip='查找与替换|Find and replace'>
			<item id='427' imageIndex='5' tip='查找|Find'/>
			<item id='426' tip='替换|Replace'/>
		</item>
		<item id='189' imageIndex='6' text='关于|About' tip='关于|About'/>
		<item id='0'/>
		<item id='18'  imageIndex='7' tip='打印预览|Print preview'/>
		<item id='478' imageIndex='8' tip='统计图|Add chart'/>
		<item id='0'/>
		<item id='3000' imageIndex='9' text='结算|BS.1' tip='结算(自定义)|User define1'/>
		<item id='3001' imageIndex='10' text='贸易|BS.2' tip='贸易(自定义)|User define2'>
			<item id='3002' imageIndex='10' text='进口' detail='大宗货物进口，公司主营'/>
			<item id='3003' text='出口'>
				<item id='3004' text='加拿大' detail='汽车配件、灯具、纺织品\r\n燃料'/>
				<item id='3005' text='韩国' detail='出口韩国货物：植物油'/>
				<item id='3006' text='英国' detail='汽车配件、电子元器件'/>
				<item id='3007' text='美国'/>
			</item>
		</item>
	</Toolbar>
</Toolbars>
