﻿<?xml version='1.0' encoding='utf-8' ?>
<root>
	<functions>
		<category name="自定义财务函数">
			<function name="balance">
				<usage>求期初余额</usage>
				<detail>取某个科目的本年度、某月的期初余额</detail>
				<para dataType="string">科目代码</para>
				<para>月份</para>
				<example>=balance('101', 10), 表示取101科目、10月份的余额</example>
			</function>
			<function name="debit">
				<usage>求借发额</usage>
				<detail>取某个科目的本年度、某月的借方发生额</detail>
				<para dataType="string">科目代码</para>
				<para>月份</para>
				<example>=debit('101', 10), 表示取101科目、10月份的借方发生额</example>
			</function>
			<function name="loan">
				<usage>求贷发额</usage>
				<detail>取某个科目的本年度、某月的贷方发生额</detail>
				<para dataType="string">科目代码</para>
				<para>月份</para>
				<example>=loan('101', 10), 表示取101科目、10月份的贷方发生额</example>
			</function>
		</category>
		<category name="自定义业务函数">
			<function name="income">
				<usage>求销售收入</usage>
				<detail>取某产品、某部门的某月的销售收入</detail>
				<para dataType="string">产品代码</para>
				<para dataType="string">部门代码</para>
				<para>月份</para>
				<example>=income('kd1-2', 'dept01', 10), 表示取kd1-2产品、dept01部门、10月份的销售收入</example>
			</function>
		</category>
	</functions>
</root>
