﻿<?xml version='1.0' encoding='utf-8' ?>
<root>
	<functions>
		<category name="自定义财务函数">
			<function name="balance">
				<usage>求期初余额</usage>
				<detail>取某个科目的本年度、某月的期初余额</detail>
				<para edittype="dropTreelist" droplistID="kmdm" dataType="string">科目代码</para>
				<para edittype="droplist" droplistID="month">月份</para>
				<example>=balance('101', 10), 表示取101科目、10月份的余额</example>
			</function>
			<function name="debit">
				<usage>求借发额</usage>
				<detail>取某个科目的本年度、某月的借方发生额</detail>
				<para edittype="dropTreelist" droplistID="kmdm" dataType="string">科目代码</para>
				<para edittype="droplist" droplistID="month">月份</para>
				<example>=debit('101', 10), 表示取101科目、10月份的借方发生额</example>
			</function>
			<function name="loan">
				<usage>求贷发额</usage>
				<detail>取某个科目的本年度、某月的贷方发生额</detail>
				<para edittype="dropTreelist" droplistID="kmdm" dataType="string">科目代码</para>
				<para edittype="droplist" droplistID="month">月份</para>
				<example>=loan('101', 10), 表示取101科目、10月份的贷方发生额</example>
			</function>
		</category>
		<category name="自定义业务函数">
			<function name="income">
				<usage>求销售收入</usage>
				<detail>取某产品、某部门的某月的销售收入</detail>
				<para dataType="string">产品代码</para>
				<para dataType="string">部门代码</para>
				<para edittype="droplist" droplistID="month">月份</para>
				<example>=income('kd1-2', 'dept01', 10), 表示取kd1-2产品、dept01部门、10月份的销售收入</example>
			</function>
		</category>
	</functions>

	<DropLists>
		<DropList id="kmdm" treelist="../treelist/t2.xml" dataURL="../treelistdata/km.json.txt"
			isTreeNodeSelectAble="true" DataCol="kmdm" DisplayCol="=kmdm+ ' - ' +kmmc"/>
		<DropList id="month">
			<item key="1">1月份</item>
			<item key="2">2月份</item>
			<item key="3">3月份</item>
			<item key="4">4月份</item>
			<item key="5">5月份</item>
			<item key="6">6月份</item>
			<item key="7">7月份</item>
			<item key="8">8月份</item>
			<item key="9">9月份</item>
			<item key="10">10月份</item>
			<item key="11">11月份</item>
			<item key="12">12月份</item>
		</DropList>
	</DropLists>
</root>
