﻿<?xml version="1.0" encoding="UTF-8" ?>
<!-- 指标库 -->
<data>
<project name="业务指标">
	<project name="货物" tip="货运的数据" >
		<item id="m030" dataType="int">新增意向(订单)</item>
		<item id="m034">新增意向(金额)</item>
		<item id="m010" dataType="int" tip="订单总数量" text="订单数" />
		<item id="m011">订单货物(吨)</item>
		<item id="m012" tip="已发出货物">在途(吨)</item>
		<item id="m099" decimal="4">损耗(吨)</item>
		<item id="dz0" editType="checkbox">有出口(东南亚)</item>
		<item id="dz2" editType="checkbox">有出口(欧美)</item>
		<item id="dz13" editType="checkbox">华东大区</item>
		<item id="dz14" editType="checkbox">华北大区</item>
	</project>
	<project name="收款">
		<item id="c010" tip="订单总金额">订单金额</item>
		<item id="c011">已收款</item>
		<item id="c012">应收款</item>
		<item id="c013">往年挂帐</item>
	</project>
</project>
<project name="财务指标">
	<item id="km101" text="现金">
		<attr name="month" text="月份"/>
		<attr name="dept" text="部门" value="1"/>
	</item>
	<item id="km102" text="银行存款">
		<attr name="month" text="月份"/>
		<attr name="dept" text="部门" value="1"/>
	</item>
	<item id="km301" text="个人借款">
		<attr name="month" text="月份"/>
		<attr name="dept" text="部门" value="1"/>
	</item>
	<item id="km401" text="管理费用">
		<attr name="month" text="月份"/>
		<attr name="dept" text="部门" value="1"/>
	</item>
	<item id="km501" text="固定资产">
		<attr name="month" text="月份"/>
		<attr name="dept" text="部门" value="1"/>
	</item>
</project>
</data>