﻿<?xml version="1.0" encoding="UTF-8" ?>
<Data>
<items>
<item ID="02" str="桌面快捷功能" image="treedemo.zip#5.bmp">
 <item ID="0201" str="我的文档" image="treedemo.zip#1.bmp" tip="这是tip演示."/>
 <item ID="0202" str="我的财务" image="treedemo.zip#2.bmp" tip="这是tip演示."/>
 <item ID="0203" str="我的好友(动态加载)" image="treedemo.zip#3.bmp" tip="这是tip演示." LazyLoad="true" />
 <item ID="0204" str="我的日程" image="treedemo.zip#6.bmp" tip="这是tip演示."/>
 <item ID="0205" str="我的邮件" image="treedemo.zip#7.bmp" tip="这是tip演示."/>
</item>
<item ID="03" str="电影收藏" image="treedemo.zip#13.bmp">
 <item ID="0301" str="风光片" image="treedemo.zip#4.bmp" tip="这是tip演示."/>
 <item ID="0302" str="动画片" image="treedemo.zip#10.bmp" tip="这是tip演示."/>
 <item ID="0303" str="娱乐片" image="treedemo.zip#11.bmp" tip="这是tip演示."/>
 <item ID="0304" str="动物世界" image="treedemo.zip#12.bmp" tip="这是tip演示."/>
 <item ID="0305" str="战争题材" image="treedemo.zip#15.bmp" tip="这是tip演示."/>
 <item ID="0306" str="限制级" image="treedemo.zip#9.bmp" tip="这是tip演示."/>
 <item ID="0307" str="其它未分类" image="treedemo.zip#14.bmp" tip="这是tip演示."/>
</item>
</items>
</Data>
