﻿<?xml version="1.0" encoding="UTF-8" ?>
<Data>
<items>

<item ID="02" str="桌面快捷功能"/>
<item ID="0201" PID="02" str="我的文档"/>
<item ID="0202" PID="02" str="我的财务"/>
<item ID="0203" PID="02" str="我的好友"/>
<item ID="0204" PID="02" str="我的日程"/>
<item ID="0205" PID="02" str="我的邮件"/>

<item ID="03" str="电影收藏"/>
<item ID="0301" PID="03" str="风光片"/>
<item ID="0302" PID="03" str="动画片"/>
<item ID="0303" PID="03" str="娱乐片"/>
<item ID="0304" PID="03" str="动物世界"/>
<item ID="0305" PID="03" str="战争题材" checked="true"/>
<item ID="0306" PID="03" str="限制级"/>
<item ID="0307" PID="03" str="其它未分类"/>
</items>
</Data>
