﻿<?xml version="1.0" encoding="utf-8"?>
<!--By Supcan TreeList -->
<TreeList>
	<Properties editAble="false" rowHeight="30" isAutoFitWidth="true" bgColor="#ffffff">
	</Properties>
	<Cols>
		<Col name="id" width="80">ID</Col>
		<Col name="picture" align="center" width="140" isImage="true">图片</Col>
	</Cols>
	<Table>
		<tr>
			<id>-1</id>
			<picture></picture>
		</tr>
		<tr>
			<id>0</id>
			<picture>treeimages.zip#treeLeaf0.bmp</picture>
		</tr>
		<tr>
			<id>1</id>
			<picture>treeimages.zip#treeLeaf1.bmp</picture>
		</tr>
		<tr>
			<id>2</id>
			<picture>treeimages.zip#treeLeaf2.bmp</picture>
		</tr>
		<tr>
			<id>3</id>
			<picture>treeimages.zip#treeLeaf3.bmp</picture>
		</tr>
		<tr>
			<id>4</id>
			<picture>treeimages.zip#treeLeaf4.bmp</picture>
		</tr>
		<tr>
			<id>5</id>
			<picture>treeimages.zip#treeLeaf5.bmp</picture>
		</tr>
		<tr>
			<id>6</id>
			<picture>treeimages.zip#treeLeaf6.bmp</picture>
		</tr>
		<tr>
			<id>7</id>
			<picture>treeimages.zip#treeLeaf7.bmp</picture>
		</tr>
		<tr>
			<id>8</id>
			<picture>treeimages.zip#treeLeaf8.bmp</picture>
		</tr>
		<tr>
			<id>9</id>
			<picture>treeimages.zip#treeLeaf9.bmp</picture>
		</tr>
		<tr>
			<id>10</id>
			<picture>treeimages.zip#treeLeaf10.bmp</picture>
		</tr>
		<tr>
			<id>11</id>
			<picture>treeimages.zip#treeLeaf11.bmp</picture>
		</tr>
		<tr>
			<id>12</id>
			<picture>treeimages.zip#treeLeaf12.bmp</picture>
		</tr>
	</Table>
</TreeList>