﻿<?xml version="1.0" encoding="utf-8"?>
<!--By Supcan TreeList -->
<TreeList>
	<Properties editAble="false" rowHeight="30" isAutoFitWidth="true" bgColor="#ffffff">
	</Properties>
	<Cols>
		<Col name="id" width="80">ID</Col>
		<Col name="picture" align="center" width="140" isImage="true">图片</Col>
	</Cols>
	<Table>
		<tr>
			<id>-1</id>
			<picture></picture>
		</tr>
		<tr>
			<id>0</id>
			<picture>treeimages.zip#treeNode0.bmp</picture>
		</tr>
		<tr>
			<id>1</id>
			<picture>treeimages.zip#treeNode1.bmp</picture>
		</tr>
		<tr>
			<id>2</id>
			<picture>treeimages.zip#treeNode2.bmp</picture>
		</tr>
		<tr>
			<id>3</id>
			<picture>treeimages.zip#treeNode3.bmp</picture>
		</tr>
	</Table>
</TreeList>