﻿<?xml version="1.0" encoding="UTF-8" ?>
<!-- Supcan Freeform -->
<freeform>
	<Properties><backGround bgColor="#E5EAFF,#FAFFFF"/>
	</Properties>
	<Objects>
		<TableLayout id="toolbar1" x="0" y="0" width="100%">
			<col width="92"/>
			<col width="0.10"/>
			<col width="74"/>
			<tr height="22">
				<td><Image id="img1" src="bar2.zip#bar_left.bmp" arrange="center,middle" alpha="255"/></td>
				<td><Image id="img2" src="bar2.zip#bar_center.bmp" arrange="tile" alpha="255"/></td>
				<td><Image id="img3" src="bar2.zip#bar_right.bmp" arrange="center,middle" alpha="255"/></td>
			</tr>
		</TableLayout>
		<TableLayout id="toolbar2" y="0" width="100%">
			<col width="92"/>
			<col width="82"/>
			<col width="100"/>
			<col width="100"/>
			<col width="0.10"/>
			<col width="74"/>
			<tr height="22">
				<td/>
				<td><Input id="btn1" type="Button" textColor="white" text="功能1" style="flat,transparent" icon="bar2.zip#1046.ico"/></td>
				<td><Input id="btn2" type="Button" textColor="white" text="打印预览" style="flat,transparent" icon="bar2.zip#1030.ico"/></td>
				<td><Input id="btn3" type="Button" textColor="white" text="下拉菜单" style="flat,transparent" icon="bar2.zip#1041.ico" menuID="menu1"/></td>
			</tr>
		</TableLayout>
		<rect id="rc2" x1="0" y1="toolbar1.bottom" x2="100%" y2="100%" color="#7f9db9" />
	</Objects>
<Menus>
 <Menu id="menu1">
  <item id="101" text="热销产品1" icon="buttons.zip#301.ico" detail="中老年衣帽，尺寸齐全，产地杭州"/>
  <item id="102" text="热销产品2" icon="buttons.zip#302.ico" detail="夏季时装，优惠直销"/>
  <item id="103" text="热销产品3" icon="buttons.zip#303.ico" detail="高级西服，尺寸齐全，品牌云集" enabled="false"/>
  <item id="104" text="滞销产品" icon="buttons.zip#304.ico">
   <item id="10401" text="库存1" icon="buttons.zip#304.ico" detail="中老年滞销衣帽，折价处理"/>
   <item id="10402" text="库存2" icon="buttons.zip#305.ico" detail="20%折价处理"/>
   <item id="0" text="-"/>
   <item id="10403" text="库存3" icon="buttons.zip#306.ico"/>
  </item>
 </Menu>
</Menus>
</freeform>