﻿<?xml version="1.0" encoding="utf-8"?>
<!--By Supcan TreeList -->
<TreeList>
	<Properties dataURL="='http://www.supcan.cn/dotnet/customer.aspx?substr='+encodeURIComponent(data)">
	</Properties>
	<Cols>
		<Col name="customerid"  width="70" align="center">客户号</Col>
		<Col name="companyname" width="260">客户名</Col>
		<Col name="contactname" width="130">联系人</Col>
		<Col name="country"     width="90">国家</Col>
		<Col name="city"        width="110">城市</Col>
		<Col name="address"     width="210">地址</Col>
		<Col name="phone"       width="130">电话</Col>
	</Cols>
</TreeList>