﻿<?xml version="1.0" encoding="utf-8"?>
<!--Supcan Freeform -->
<freeform>
<Properties bgColor="#faffff,#e5eaff"/>
<Fonts>
	<Font height="-12" />
</Fonts>
<Objects>
	<rect x="0" y="0" width="100%" height="33" bgcolor="#96C2DD,#2687CC,#177DC5,#2CA6FC"/>
	<text  x="20" y="8" fontIndex="0" value="日期输入：" textColor="white" />

	<text  x="140" y="55" align="center" textColor="#2277ff" value="YYYY.MM.DD" />
	<input x="140" y=".bottom-3"  width="120" value="2010.02.1" datatype="date" editmask="YYYY.MM.DD" />

	<text  x="400" y="55" value="限定了输入范围：2000.01.01 至 2010.12.01" />
	<input x="400" y=".bottom-3"  width="120" value="2010.02.1" datatype="date" editmask="YYYY-MM-DD" max="2010.12.01" min="2000.1.1" />

	<text  x="140" y="118" textColor="#2277ff" value="DD/MM/YYYY" />
	<input x="140" y=".bottom-3"  width="120" value="2010.02.1" datatype="date" editmask="DD/MM/YYYY" />

	<text  x="400" y="118" textColor="#2277ff" value="YYYY年MM月DD日 hh时mm分ss秒" />
	<input x="400" y=".bottom-3"  width="220" id="udtn" defaultvalue="=now()" datatype="datetime" editmask="YYYY年MM月DD日 hh时mm分ss秒" />

	<rect x="0" y="185" width="100%" height="33" bgcolor="#96C2DD,#2687CC,#177DC5,#2CA6FC"/> 	<!--#cccccc,#826A66,#3D1112,#16110E-->
	<text  x="20" y="193" fontIndex="0" value="数字输入：" textColor="white" />
	<text  x="140" y="245" textColor="#2277ff" value="#,###.00" />
	<text  x=".right" y=".top" value="(2位小数、以千位符分隔)" />
	<input x="140" y=".bottom-3" width="120" datatype="double" value="20034.23" editmask="#,###.00" />

	<text  x="400" y="245" textColor="#2277ff" value="+#.0000" />
	<text  x=".right" y=".top" value="(4位小数、正数)" />
	<input x="400" y=".bottom-3" width="120" datatype="double" value="1230.4587" editmask="+#.0000" />

	<text  x="140" y="312" value="限定了输入范围：-500至1000" />
	<input x="140" y=".bottom-3" width="120" datatype="int" value="200" editmask="#" spin="true" min="-500" max="1000" />

	<text  x="400" y="312" textColor="#2277ff" value="+#,###.00元" />
	<text  x=".right" y=".top" value="(2位小数、正数、千位符分隔、末尾跟随'元')" />
	<input x="400" y=".bottom-3" width="120" datatype="double" value="1213.34" editmask="+#,###.00元" />

	<text  x="140" y="370" textColor="#2277ff" value="#.#" />
	<text  x=".right" y=".top" value="(任意分数)" />
	<input x="140" y=".bottom-3" width="120" datatype="double" value="1220.34" editmask="#.#" />

	<text  x="400" y="370" textColor="#2277ff" value="0000" />
	<text  x=".right" y=".top" value="(不超过4位的整数、以0填充)" />
	<input x="400" y=".bottom-3" width="120" datatype="int" value="255" spin="true" editmask="0000" />
</Objects>
</freeform>