﻿<?xml version="1.0" encoding="utf-8"?>
<!--Supcan Freeform -->
<freeform>
<Properties bgColor="#faffff,#e5eaff"/>
<Fonts>
	<Font height="-14" />
</Fonts>
<Objects>
	<groupEx id = "group1" x="5%" y="20" width="90%" height="170" text="扩展Group控件一"/>
	<tablelayout id="layout1" x1=".left+5" y1='.top + 40' x2='.right - 20' y2='.bottom - 20' border="0">
		<col width='20%'/>
		<col width='5'/>
		<col width='38%'/>
		<col width='5'/>
		<col width='0.1'/>
		<tr height='24'>
			<td><input lefttext="客户:" width='3' type="droptreelist" treelist="customer.xml" DataCol="customerid" displaycol="companyname" value="ANATR"/></td>
			<td/>
			<td/>
			<td/>
			<td><text valign='vcenter' value="(下拉Treelist)"/></td>
		</tr>
		<tr height='5'/>
		<tr height='24'>
			<td><input lefttext="客户:" width='3' type="editableDroptreelist" droplistID="customer" value="lon" /></td>
			<td/>
			<td/>
			<td/>
			<td><text valign='vcenter' value="(可编辑下拉Treelist、客户端搜索)"/></td>
		</tr>
		<tr height='5'/>
		<tr height='24'>
			<td><input lefttext="经销商:" width='3' type="editableDroptreelist" treelist="customer2.xml" DataCol="customerid" displaycol="companyname" value="lon" /></td>
			<td/>
			<td/>
			<td/>
			<td><text valign='vcenter' value="(可编辑下拉Treelist、服务器端搜索)"/></td>
		</tr>
		<tr height='5'/>
		<tr height='24'>
			<td><input lefttext="城市:" width='3' type="droptreelist" droplistID="city" value="Salzburg" /></td>
			<td/>
			<td/>
			<td/>
			<td><text valign='vcenter' value="(以树显示的下拉Treelist)"/></td>
		</tr>
	</tablelayout>

	<groupEx id="group2" x="5%" y="group1.bottom + 20" width="90%" height="160" text="扩展Group控件二" titleHeight="30" titleOffset="300" round="50" skin="1"/>
	<tablelayout id="layout2" x1=".left+5" y1='.top + 50' x2='.right - 20' y2='.bottom - 20' >
		<col width='20%'/>
		<col width='5'/>
		<col width='38%'/>
		<col width='5'/>
		<col width='0.1'/>
		<tr height='23'>
			<td><input lefttext="途经城市:" width='3' type="droptreelist" droplistID="citys" value="Salzburg,Montreal" /></td>
			<td/>
			<td/>
			<td/>
			<td><text valign='vcenter' value="(可多选的下拉Treelist)"/></td>
		</tr>
		<tr height='5'/>
		<tr height='23'>
			<td><input lefttext="国家:" width='3' type="droplist" droplistID="country" value="8" /></td>
			<td/>
			<td/>
			<td/>
			<td><text valign='vcenter' value="(普通下拉)"/></td>
		</tr>
		<tr height='5'/>
		<tr height='38'>
			<td><input lefttext="图片:" width='3' type="droptreelist" treelist="t_tip.xml" DataCol="id" displaycol="picture" value="0"/></td>
			<td/>
			<td/>
			<td/>
			<td><text valign='vcenter' value="(图片下拉)" height="40" /></td>
		</tr>
	</tablelayout>
</Objects>
<DropLists>
 <DropList id="city"  treelist="city.xml" DataCol="city" DisplayCol="city"/> 
 <DropList id="citys" treelist="city.xml" DataCol="city" DisplayCol="city" isMultiSelectAble="true"/> 
 <DropList id="customer" treelist="customer.xml" DataCol="customerid" DisplayCol="companyname" /> 
 <DropList id="country">
  <item key="1">France</item>
  <item key="2">Germany</item>
  <item key="3">Brazil</item>
  <item key="4">Belgium</item>
  <item key="8">Switzerland</item>
  <item key="11">Venezuela</item>
  <item key="23">Austria</item>
  <item key="21">Mexico</item>
  <item key="9">USA</item>
  <item key="0">Sweden</item>
  <item key="34">Finland</item>
 </DropList>
</DropLists>
</freeform>