﻿<?xml version="1.0" encoding="utf-8"?>
<!--Supcan Freeform -->
<freeform>
<Properties bgColor="#e5eaff,#faffff" />
<Objects>
	<groupboxEx x="10" y="15" width="500" height="170" text="订单" />

	<input id="orderID"     LeftText="单证号: "   x="0" y="60"        width="220" leftSize="120" nullAble="false"/>
	<input id="orderDate"   LeftText="销售日期: " x="0" y=".bottom+4" width="220" leftSize="120" datatype="date" />
	<input id="price"       LeftText="单价: "     x="0" y=".bottom+4" width="220" leftSize="120" editmask="#,###.00" datatype="double" />
	<input id="num"         LeftText="数量: "     x="0" y=".bottom+4" width="220" leftSize="120" editmask="#,###.00" datatype="double" />

	<input id="customerID"  LeftText="客户: "     x="40%"   y="60"        width="280" leftSize="120" type="droptreelist" droplistID="customer"/>
	<input id="shipcity"    LeftText="城市: "     x=".left" y=".bottom+4" width="280" leftSize="120" type="droptreelist" droplistID="citys"/>
	<input id="shipaddress" LeftText="地址: "     x=".left" y=".bottom+4" width="280" leftSize="120"/>
	<input id="isPass" type="checkbox" text="通过检测" x=".left+160" y=".bottom+4" width="140"/>

	<input type="button" id="yes" x="160" y="210" width="100" height="28" text="确认" />
	<input type="button" id="no"  x="270" y="210" width="100" height="28" text="取消" />
</Objects>
<DropLists>
 <DropList id="citys" treelist="city.xml" DataCol="city" DisplayCol="city"/> 
 <DropList id="customer" treelist="customer.xml" DataCol="customerid" DisplayCol="companyname" /> 
</DropLists>
</freeform>