﻿<?xml version="1.0" encoding="utf-8"?>
<!--Supcan Freeform -->
<freeform>
<Properties bgColor="#ffffff"/>
<Fonts>
	<Font height="-13"/>
</Fonts>

<Objects>
	<groupEx x="5" y="5" width="99%" height="145" text=" 请输入 "/>
	<TableLayout y="42" width="95%">
	 <Col width=".1"/>
	 <Col width="90"/>
	 <Col width="190"/>
	 <Col width="30"/>
	 <Col width="90"/>
	 <Col width="190"/>
	 <Col width=".1"/>
	 <tr height="24">
	 	<td/>
	 	<td><input id="OrderId" LeftText="订单号：" width="2"/></td>
	 	<td/>
	 	<td/>
	 	<td><input id="OrderDate" LeftText="销售日期：" datatype="date" editmask="YYYY.MM.DD" width="2"/></td>
	 </tr>
	 <tr height="6"/>
	 <tr height="24">
	 	<td/>
	 	<td><input id="Country" LeftText="国家：" edittype="droplist" droplistId="country" width="2"/></td>
	 	<td/>
	 	<td/>
	 	<td><input id="Freight" LeftText="货重：" datatype="double" editmask="#,###.00" width="2"/></td>
	 </tr>
	 <tr height="6"/>
	 <tr height="24">
	 	<td/>
	 	<td><input id="CustomerID" LeftText="客户：" edittype="droptreelist" droplistId="customer" width="2"/></td>
	 	<td/>
	 	<td/>
	 	<td><input id="ShipCity" LeftText="城市：" width="2"/></td>
	 </tr>
	 <tr height="4"/>
 </TableLayout>
 <input id="ok"  Text="确认" x="36%"  y="160" width="80" type="button" />
 <input id="cancel"  Text="取消" x=".right+10"  y="160" width="80" type="button" />
</Objects>

<DropLists>
	<DropList id="customer" treelist="customer.xml" DataCol="customerid" DisplayCol="companyname"/>
	<DropList id="country">
		<item key="1">France</item>
		<item key="2">Germany</item>
		<item key="3">Brazil</item>
		<item key="4">Belgium</item>
		<item key="8">Switzerland</item>
		<item key="11">Venezuela</item>
		<item key="23">Austria</item>
		<item key="21">Mexico</item>
		<item key="9">USA</item>
		<item key="0">Sweden</item>
		<item key="34">Finland</item>
	</DropList>
</DropLists>
</freeform>