﻿<?xml version="1.0" encoding="utf-8"?>
<!--Supcan Freeform -->
<freeform>
<Properties bgColor="#3a3a3a,#5C5C5C" />
<Objects>
	<Rect id="rect1" x="0" y="0" width="100%" height="22" thick="0" />
	<img id="bmp1" x="0" y="0" width="129" height="68" src="buttons.zip#bar_left.bmp" />
	<img id="bmp2" x="129" y="0" width="rect1.width - 129" height="68" src="buttons.zip#bar_center.bmp" arrange="tile" />
	<img id="bmp3" x="rect1.right-59" y="0" width="60" height="68" src="buttons.zip#bar_right.bmp" />

	<input type="button" id="btn1" x="40" y="17" width="150" height="43" dis="6" text="动态菜单按钮" menuID="menu1" isDynamicMenu="true" textColor="white" style="flat,transparent" icon="buttons.zip#f1.ico" fontIndex="1"/>

	<input id="id"      LeftText="单证号："   x="0" y="110"       width="280" color="white" leftSize="160" value="K3301"/>
	<input id="dt"      LeftText="发货日期：" x="0" y=".bottom+4" width="280" color="white" leftSize="160" value="2010.02.1" datatype="date" />
	<input id="price"   LeftText="单价："     x="0" y=".bottom+4" width="280" color="white" leftSize="160" value="1.00" datatype="double" />
</Objects>
</freeform>