﻿<?xml version="1.0" encoding="utf-8"?>
<!--By Supcan TreeList -->
<TreeList>
	<Properties editAble="true" rowHeight="22" addRowAble="false" ListTreeSwitchAble="false" sortAble="false" >
		<expresses>
			<express>sumje = j1 + j2 + j3 + j4</express>
		</expresses>
	</Properties>
	<Cols>
		<Col name="fl" VColSep="/" editable="false" align="center" edittype="droplist" droplistId="fl">统计范围</Col>
		<group name="资金计划">
			<col name="status" vcolSep="/" width="200" editAble="false" align="center">资金状况</col>
			<Col name="sumje" editable="false" datatype="double" decimal="2">资金总额</Col>
			<group name="2011年度">
				<Col name="j1" datatype="double" decimal="2">一季度</Col>
				<Col name="j2" datatype="double" decimal="2">二季度</Col>
				<Col name="j3" datatype="double" decimal="2">三季度</Col>
				<Col name="j4" datatype="double" decimal="2">四季度</Col>
			</group>
		</group>
	</Cols>
	<Table>
		<TR>
			<fl>项目总费用/</fl>
			<status>计划到帐/贷款</status>
			<j1>20100.3</j1>
			<j2>133203</j2>
			<j3>5600</j3>
			<j4>31382</j4>
		</TR>
		<TR>
			<fl>项目总费用/</fl>
			<status>计划到帐/资本金</status>
			<j2>2000</j2>
			<j4>5500</j4>
		</TR>
		<TR>
			<fl>项目总费用/</fl>
			<status>计划到帐/融资</status>
			<j3>10000</j3>
		</TR>
		<TR>
			<fl>项目总费用/</fl>
			<status>实际到帐/贷款</status>
			<j3>5600</j3>
			<j4>31382</j4>
		</TR>
		<TR>
			<fl>项目总费用/</fl>
			<status>实际到帐/资本金</status>
			<j2>2000</j2>
			<j4>5500</j4>
		</TR>
		<TR>
			<fl>项目总费用/</fl>
			<status>实际到帐/融资</status>
		</TR>

		<TR>
			<fl>项目总费用/</fl>
			<status>资金缺口</status>
		</TR>
		<TR>
			<fl>在建项目/</fl>
			<status>资金使用计划</status>
		</TR>
		<TR>
			<fl>在建项目/</fl>
			<status>资金需求/资金需求</status>
		</TR>
		<TR>
			<fl>在建项目/</fl>
			<status>资金实际使用</status>
		</TR>
	</Table>
</TreeList>