﻿<?xml version="1.0" encoding="utf-8"?>
<!--By Supcan TreeList -->
<TreeList>
	<Properties editAble="true" id="orders" key="OrderID" headerHeight="31">
		<BackGround rulerPicture="enh.png"/>
	</Properties>
	<Cols>
		<Col name="OrderID"      width="80" align="center" editable="false">订单号</Col>
		<Col name="Country"      width="0">国家</Col>
		<Col name="CustomerID"   width="240" edittype="editableDroptreelist" droplistID="customer" headerIcon="msg.ico" headerIconTip="本列是客户端搜索.
下拉数据是全部加载的，用于下拉数据不太多的场合.">客户</Col>
		<Col name="OrderDate"    width="100" datatype="date">销售日期</Col>
		<Col name="Freight"      width="90" datatype="double" decimal="2">货重</Col>
		<Col name="ShipCity"     width="0">城市</Col>
		<Col name="PassCity"     width="0">途经城市</Col>
		<Col name="CustomerID2"  width="240" edittype="editableDroptreelist" droplistID="customer2" headerIcon="msg.ico" headerIconTip="本列是服务器端搜索.
在键盘输入过程中，会实时向服务器索要匹配的数据.">经销商</Col>
	</Cols>
	<DropLists>
		<DropList id="customer" treelist="customer.xml" DataCol="customerid" DisplayCol="companyname"/>
		<DropList id="customer2" treelist="customer2.xml" DataCol="customerid" DisplayCol="companyname"/>
	</DropLists>
</TreeList>