﻿<?xml version="1.0" encoding="utf-8"?>
<!--Supcan Freeform -->
<freeform>
<Properties bgColor="white"/>
<Fonts>
	<Font facename="consolas" />
</Fonts>
<Objects>
	<!-- 背景图和轮廓线，使用了下面的圆角矩形路径，注意：y1=" -100%"表示上半部分是不显示的 -->
	<Img  x1="0" x2="100%" y1="-100%" y2="100%" pathID="path1" src="../res/pagerback.png" arrange="stretch"/>
	<Rect x1="0" x2="100%" y1="-100%" y2="100%" pathID="path1" pathBorder="thick=1;color=#377d8d" thick="0"/>

	<!-- 分页器 -->
	<pager id="ID0" x1="100" y="0" x2="99%" height="100%" textColor="#0799B7"
 showText="共@pages页，转到:"
 layout="prior,4,next, showtext, input" 
 style="pagecode=button; prior=上页; next=下页; bordercolor=#17a9c7; CurrentBordercolor=#17a9c7; CurrentBgColor=#eeeeff; CurrentTextColor=black" 
 PageRowsList="10,20,50,100" pageRows="20" />
	
	<!-- 左侧的2个功能小按钮 -->
	<input id="IDRefresh" type="button" tip="刷新" x1="20" y1="12" width="20" height="20" icon="../res/prop.bmp" style="flat,transparent,noMouseHover"/>
	<input id="IDPrint" type="button" tip="打印预览" x1="50" y1="12" width="20" height="20" icon="../res/prtsetup.bmp" style="flat,transparent,noMouseHover"/>
	
	<!-- 看不见的线条，没什么用处，仅仅用于表示freeform的高度（38） -->
	<line x="10" y="0" width="0" height="38" thick="0" />
</Objects>
<paths>
	<path id="path1">
		<!-- 圆角矩形，圆角直径:30 -->
		<Rect x="0" y="0" width="100%" height="100%" round="30"/>
	</path>
</paths>
</freeform>