﻿<?xml version="1.0" encoding="utf-8"?>
<!--By Supcan Freeform -->
<freeform>
	<Properties>
		<background bgColor="#ddddff,#ffffff" colorangle="229" picture="../treelistdata/earth.jpg" alpha="30" arrange="tile" />
	</Properties>
	<Fonts>
		<Font height="-14" />
		<Font facename="微软雅黑" height="-16" bold="1"/>
		<Font height="-14" bold="1" />
	</Fonts>
	<Objects>
		<TableLayout width="100%" height="100%" border="0">
			<col width="100"/>
			<col width=".1"/>
			<col width="20"/>
			<col width="160"/>
			<col width="20"/>
			<tr height="26">
				<td><rect bgColor="black" width="5"/><text text="明星档案" color="white" fontindex="1" align="center" valign="vcenter" width="5" /></td>
			</tr>
			<tr height="2">
				<td><rect width="5" bgcolor="white" thick="0" /></td>
			</tr>
			<tr height="10"/>
			<tr height="6">
				<td/><td/><td/>
				<td><rect height="14" bgColor="white" color="#aaaaaa"/></td>
			</tr>
			<tr height="10">
				<td/><td/><td/>
				<td><img id="portrait" height="13" arrange="top,center" /></td>
			</tr>
			<tr height="20">
				<td><text text="姓名: " fontIndex="2" align="right"/></td>
				<td><text id="name" align="left"/></td>
			</tr>
			<tr height="10"/>
			<tr height="20">
				<td><text text="性别: " align="right"/></td>
				<td><text id="dis" align="left"/></td>
			</tr>
			<tr height="10"/>
			<tr height="20">
				<td><text text="出生日期: " align="right"/></td>
				<td><text id="bdt" align="left"/></td>
			</tr>
			<tr height="10"/>
			<tr height="20">
				<td><text text="职业: " align="right"/></td>
				<td><text id="prof" align="left"/></td>
			</tr>
			<tr height="10"/>
			<tr height="36">
				<td><text text="主要作品: " fontIndex="2" align="right"/></td>
				<td><text id="work" align="left" isMultiLine="true" /></td>
			</tr>
			<tr height="10"/>
			<tr height="20">
				<td><text text="出生地: " align="right"/></td>
				<td><text id="bornin" align="left"/></td>
			</tr>
			<tr height="9"/>
			<tr height="6"/>
			<tr height="50">
				<td><text text="简介: " fontIndex="2" align="right"/></td>
				<td><text id="cur" align="left" width="3" isMultiLine="true" /></td>
			</tr>
		</TableLayout>
	</Objects>
</freeform>