﻿<?xml version="1.0" encoding="utf-8"?>
<!--By Supcan TreeList -->
<TreeList>
	<Properties rowHeight="93" headerHeight="30" Freeform="project_freeform.xml" editable="true" addRowAble="true" key="name"></Properties>
	<Cols>
		<Col name="checked" width="40">\r\n</Col>
		<Col name="name" width="150">中文描述</Col>
		<Col name="ename" width="119">英文描述</Col>
		<Col name="num" width="58" datatype="int">定额</Col>
		<Col name="pds" width="58" datatype="int">人工时</Col>
		<Col name="p1"  width="420" datatype="double" decimal="4">\r\n</Col>
		<Col name="p2" datatype="double" decimal="4">百分比2</Col>
		<Col name="p3" datatype="double" decimal="4">百分比3</Col>
		<Col name="dt1" datatype="date">日期1</Col>
		<Col name="dt2" datatype="date">日期2</Col>
		<Col name="dt3" datatype="date">日期3</Col>
	</Cols>
</TreeList>