﻿<?xml version="1.0" encoding="UTF-8" ?>
<!-- Supcan Freeform -->
<freeform>
	<Properties><backGround bgColor="#FFFFFF"/>
	<expresses>
		<express>pp1=percent(p1, 0)</express>
		<express>pp2=percent(p2, 0)</express>
		<express>pp3=percent(p3, 0)</express>
	</expresses>
	</Properties>

	<Fonts>
		<Font faceName="微软雅黑" charSet="134" height="-13"/>
		<Font faceName="微软雅黑" charSet="134" height="14"/>
		<Font faceName="微软雅黑" charSet="134" height="-16" weight="700"/>
	</Fonts>

	<Objects>
		<TableLayout id="layout1" x="0" y="0" width="100%" borderColor="#C0C0C0" border="1" cellPadding="4">
			<col width="39"/>
			<col width="150"/>
			<col width="119"/>
			<col width="58"/>
			<col width="58"/>
			<col width="84"/>
			<col width="112"/>
			<col width="112"/>
			<col width="112"/>
			<tr height="31">
				<td border-bottom-width="0"></td>
				<td border-bottom-width="0"></td>
				<td border-bottom-width="0"></td>
				<td border-bottom-width="0"></td>
				<td border-bottom-width="0"></td>
				<td bgColor="#D0FFD0"><Text id="Text1" text="里程碑" align="center" vAlign="center"/></td>
				<td bgColor="#D0FFD0"><Text id="Text2" text="工作活动开始" align="center" vAlign="center"/></td>
				<td bgColor="#D0FFD0"><Text id="Text3" text="提交用于评阅" align="center" vAlign="center"/></td>
				<td bgColor="#D0FFD0"><Text id="Text4" text="提交用于" align="center" vAlign="center"/></td>
			</tr>
			<tr height="31">
				<td border-bottom-width="0"><Input id="checked" type="Checkbox" value="1"/></td>
				<td border-bottom-width="0"><Input id="name" type="Edit" tabOrder="14" align="left" value="工艺设计标准"/></td>
				<td border-bottom-width="0"><Input id="ename" type="Edit" tabOrder="27" align="left" value="英文描述"/></td>
				<td border-bottom-width="0"><Input id="num" type="Edit" tabOrder="29" align="right" dataType="int" editMask="#,###"/></td>
				<td border-bottom-width="0"><Input id="pds" type="Edit" tabOrder="31" align="right" dataType="int" editMask="#,###"/></td>
				<td bgColor="#D0FFD0"><Text id="Text5" text="百分比" align="center" vAlign="center"/></td>
				<td bgColor="#D0FFD0"><Text id="p1" isBindingCol="true" visible="false"/><Text id="pp1" align="center" vAlign="center"/></td>
				<td bgColor="#D0FFD0"><Text id="p2" isBindingCol="true" visible="false"/><Text id="pp2" align="center" vAlign="center"/></td>
				<td bgColor="#D0FFD0"><Text id="p3" isBindingCol="true" visible="false"/><Text id="pp3" align="center" vAlign="center"/></td>
			</tr>
			<tr height="31">
				<td/>
				<td/>
				<td/>
				<td/>
				<td/>
				<td bgColor="#FFFF00"><Text id="Text6" text="计划" align="center" vAlign="center"/></td>
				<td bgColor="#FFFF00"><Input id="dt1" type="Edit" tabOrder="43" align="center" value="2007.11.28" dataType="date" editMask="YYYY/MM/DD"/></td>
				<td bgColor="#FFFF00"><Input id="dt2" type="Edit" tabOrder="55" align="center" value="2007.11.29" dataType="date" editMask="YYYY/MM/DD"/></td>
				<td bgColor="#FFFF00"><Input id="dt3" type="Edit" tabOrder="67" align="center" value="2007.11.22" dataType="date" editMask="YYYY/MM/DD"/></td>
			</tr>
		</TableLayout>

	</Objects>
</freeform>