﻿<?xml version="1.0" encoding="utf-8"?>
<TreeList>
<Properties isShowGrid="false" isAutoFitWidth="true" headerHeight="0"></Properties>
<Cols>
	<Col name="provinceId" width="0">province</Col>
	<Col name="cityId" width="0">cityId</Col>
	<Col name="cityText" width="100">city</Col>
</Cols>
<Table>
<TR><provinceId>1</provinceId><cityId>101</cityId><cityText>杭州市</cityText></TR>
<TR><provinceId>1</provinceId><cityId>102</cityId><cityText>宁波市</cityText></TR>
<TR><provinceId>1</provinceId><cityId>103</cityId><cityText>温州市</cityText></TR>
<TR><provinceId>1</provinceId><cityId>104</cityId><cityText>嘉兴市</cityText></TR>
<TR><provinceId>1</provinceId><cityId>105</cityId><cityText>金华市</cityText></TR>

<TR><provinceId>2</provinceId><cityId>201</cityId><cityText>广州市</cityText></TR>
<TR><provinceId>2</provinceId><cityId>202</cityId><cityText>佛山市</cityText></TR>
<TR><provinceId>2</provinceId><cityId>203</cityId><cityText>珠海市</cityText></TR>
<TR><provinceId>2</provinceId><cityId>204</cityId><cityText>东莞市</cityText></TR>
<TR><provinceId>2</provinceId><cityId>205</cityId><cityText>汕头市</cityText></TR>

<TR><provinceId>3</provinceId><cityId>301</cityId><cityText>福州市</cityText></TR>
<TR><provinceId>3</provinceId><cityId>302</cityId><cityText>厦门市</cityText></TR>
<TR><provinceId>3</provinceId><cityId>303</cityId><cityText>漳州市</cityText></TR>
<TR><provinceId>3</provinceId><cityId>304</cityId><cityText>三明市</cityText></TR>
<TR><provinceId>3</provinceId><cityId>305</cityId><cityText>泉州市</cityText></TR>

<TR><provinceId>4</provinceId><cityId>401</cityId><cityText>南京市</cityText></TR>
<TR><provinceId>4</provinceId><cityId>402</cityId><cityText>苏州市</cityText></TR>
<TR><provinceId>4</provinceId><cityId>403</cityId><cityText>无锡市</cityText></TR>
<TR><provinceId>4</provinceId><cityId>404</cityId><cityText>扬州市</cityText></TR>
<TR><provinceId>4</provinceId><cityId>405</cityId><cityText>南通市</cityText></TR>
<TR><provinceId>4</provinceId><cityId>406</cityId><cityText>徐州市</cityText></TR>
</Table>
</TreeList>
