﻿<?xml version="1.0" encoding="UTF-8" ?>
<!-- Supcan Freeform -->
<freeform>
	<Properties><backGround bgColor="#E1E5ED,#F5F5F5"/>
	</Properties>

	<Fonts>
		<Font faceName="微软雅黑" charSet="134" height="-13"/>
		<Font faceName="微软雅黑" charSet="134" height="14"/>
		<Font faceName="微软雅黑" charSet="134" height="-16" weight="700"/>
	</Fonts>

	<Objects>
		<TableLayout id="layout1" y="10" width="100%">
			<col width="0.10"/>
			<col width="112"/>
			<col width="4"/>
			<col width="107"/>
			<col width="7"/>
			<col width="26"/>
			<col width="7"/>
			<col width="103"/>
			<col width="4"/>
			<col width="181"/>
			<col width="0.10"/>
			<col width="90"/>
			<col width="20"/>
			<tr height="24">
				<td/>
				<td><Input id="country" width="5" type="Droplist" align="left" leftText="国家:" leftSize="1" editSize="3" droplistID="country"/></td>
				<td/>
				<td/>
				<td/>
				<td/>
				<td/>
				<td><Input id="customerid" width="3" type="DropTreelist" align="left" leftText="客户:" leftSize="1" editSize="2" droplistID="customer"/></td>
				<td/>
				<td/>
				<td/>
				<td><Input id="OK" type="Button" text="确认"/></td>
			</tr>
			<tr height="4"/>
			<tr height="24">
				<td/>
				<td><Input id="orderdate1" width="3" type="Edit" defaultValue="=now()" align="center" leftText="销售日期:" value="2011.09.19" dataType="date" editMask="YYYY.MM.DD"/></td>
				<td/>
				<td/>
				<td/>
				<td><Text text="－" align="center" vAlign="center"/></td>
				<td/>
				<td><Input id="orderdate2" type="Edit" align="center" dataType="date" editMask="YYYY.MM.DD"/></td>
				<td/>
				<td/>
				<td/>
				<td><Input id="Cancel" type="Button" text="关闭"/></td>
			</tr>
			<tr height="4"/>
			<tr height="24">
				<td/>
				<td><Input id="requiredate1" width="3" type="Edit" defaultValue="=now()" align="center" leftText="接单日期:" value="2011.09.19" dataType="date" editMask="YYYY.MM.DD"/></td>
				<td/>
				<td/>
				<td/>
				<td><Text text="－" align="center" vAlign="center"/></td>
				<td/>
				<td><Input id="requiredate2" type="Edit" align="center" dataType="date" editMask="YYYY.MM.DD"/></td>
			</tr>
			<tr height="4"/>
			<tr height="24">
				<td/>
				<td><Input id="freight1" width="3" type="Edit" align="right" leftText="货重:" value="0" dataType="double" editMask="#,###.00"/></td>
				<td/>
				<td/>
				<td/>
				<td><Text text="－" align="center" vAlign="center" isBindingCol="true"/></td>
				<td/>
				<td><Input id="freight2" type="Edit" align="right" value="0" dataType="double" editMask="#,###.00"/></td>
			</tr>
			<tr height="4"/>
		</TableLayout>
		<rect id="rc1" x="0" y="0" width="100%" height="100%" color="#7f9db9"/>
	</Objects>
	<Droplists>
		<Droplist id="customer" treelistURL="customer.xml" dataCol="customerid" displayCol="companyname"/>
		<Droplist id="country">
			<item key="1">France</item>
			<item key="2">Germany</item>
			<item key="3">Brazil</item>
			<item key="4">Belgium</item>
			<item key="8">Switzerland</item>
			<item key="11">Venezuela</item>
			<item key="23">Austria</item>
			<item key="21">Mexico</item>
			<item key="9">USA</item>
			<item key="0">Sweden</item>
			<item key="34">Finland</item>
		</Droplist>
	</Droplists>
</freeform>