﻿<?xml version="1.0" encoding="utf-8"?>
<!--By Supcan TreeList -->
<TreeList>
	<Properties editAble="true" rowHeight="22" addRowAble="false" FadeInStep="0"></Properties>
	<Cols>
		<Col name="productID" align="center" editable="false">物料代码</Col>
		<Col name="provId" edittype="Droplist" droplistID="drop_prov">省份</Col>
		<Col name="cityId" edittype="Droptreelist" droplistID="drop_city">城市</Col>
		<Col name="num"  datatype="double" decimal="2">发货数量</Col>
		<Col name="by1"  edittype="radio" datatype="int">海运</Col>
		<Col name="by2"  edittype="radio" datatype="int">空运</Col>
	</Cols>
	<DropLists>
		<Droplist id="drop_prov">
			<item key="1">浙江省</item>
			<item key="2">广东省</item>
			<item key="3">福建省</item>
			<item key="4">江苏省</item>
		</Droplist>
		<Droplist id="drop_city" treelistURL="prov_city.xml" DataCol="cityId" DisplayCol="cityText"/>
	</DropLists>
	<Table>
		<TR>
			<productID>10034</productID>
			<num>20.00</num>
			<provId>1</provId>
			<cityId>101</cityId>
			<by1>1</by1>
		</TR>
		<TR>
			<productID>223K</productID>
			<num>13.00</num>
			<provId>2</provId>
			<cityId>401</cityId>
			<by2>1</by2>
		</TR>
		<TR>
			<productID>6097</productID>
			<num>1.00</num>
			<provId>2</provId>
			<cityId>406</cityId>
			<by2>1</by2>
		</TR>
		<TR>
			<productID>3337</productID>
			<num>2.33</num>
			<provId>2</provId>
			<cityId>402</cityId>
		</TR>
		<TR>
			<productID>3331</productID>
			<num>348989.00</num>
			<provId>1</provId>
			<cityId>101</cityId>
		</TR>
	</Table>
</TreeList>