﻿<?xml version="1.0" encoding="utf-8"?>
<!--By Supcan TreeList -->
<TreeList>
	<Properties Title="订单明细表" headerBgColor="#616360,#586655,#152613,#3E5E39" isShowGridVert="false" isShowGridHor="false" textColor="white" rowHeight="20" headerHeight="29" curSelBackColor="#000000">
		<BackGround bgColor="#3A3A3A,#d55555" colorAngle="30" />
	</Properties>
	<Fonts>
		<Font faceName="Verdana"/>
	</Fonts>
	<Cols>
		<Col name="Country"      width="100">国家</Col>
		<Col name="OrderID"      width="70" align="center">订单号</Col>
		<Col name="CustomerID"   width="70">客户号</Col>
		<Col name="OrderDate"    width="90" datatype="date">销售日期</Col>
		<Col name="RequiredDate" width="90" datatype="date">接单日期</Col>
		<Col name="Freight"      width="80" datatype="double" decimal="2">货重</Col>
		<Col name="ShipName"     width="210">船名</Col>
		<Col name="ShipCity"     width="130">城市</Col>
		<Col name="ShipAddress"  width="340">地址</Col>
	</Cols>
</TreeList>