﻿<?xml version="1.0" encoding="UTF-8"?>
<TreeList>
<Properties Title="科目余额表" editAble="false" isTree="true" treeformat="byPid">
	<Expresses>
		<Express>jd2=jd</Express>
		<Express>qmye = if(jd==2, qcye + dfe - jfe, qcye + jfe - dfe)</Express>
	</Expresses>
</Properties>
<Fonts>
	<Font faceName="Consolas"/>
	<Font />
</Fonts>
<Cols>
	<Col name="id"  width="150">ID</Col>
	<Col name="pid" width="100">PID\r\n(父节点ID)</Col>
	<Col name="kmmc"  width="180">科目名称</Col>
	<group name="期初">
		<Col name="jd"    width="40" align="center" editType="droplist" droplistID="jdList">方向</Col>
		<Col name="qcye"  width="100" dataType="double" decimal="2" subTotalExpress="@sum">余额</Col>
	</group>
	<group name="本期发生">
		<Col name="jfe"   width="100" dataType="double" decimal="2" subTotalExpress="@sum">借方</Col>
		<Col name="dfe"   width="100" dataType="double" decimal="2" subTotalExpress="@sum">贷方</Col>
	</group>
	<group name="期末">
		<Col name="jd2"   width="40" align="center" editType="droplist" droplistID="jdList">方向</Col>
		<Col name="qmye"  width="100" dataType="double" decimal="2" subTotalExpress="@sum">余额</Col>
	</group>
</Cols>
<Droplists>
	<Droplist id="jdList">
		<item key="1">借</item>
		<item key="2">贷</item>
		<item key="3">平</item>
	</Droplist>
</Droplists>
<table>
<row><pid/><id>101</id><kmmc>现金</kmmc><jd>1</jd><qcye>392093.00</qcye><jfe>223399.00</jfe><dfe>98300.00</dfe><jd2>1</jd2><qmye>517192.00</qmye></row>
<row><pid/><id>102</id><kmmc>银行存款</kmmc><jd>1</jd><qcye>549888.00</qcye><jfe>220000.00</jfe><dfe>200000.00</dfe><jd2>1</jd2><qmye>569888.00</qmye></row>
<row><pid>102</pid><id>10201</id><kmmc>招商银行</kmmc><jd>1</jd><qcye>339888.00</qcye><jfe/><dfe>200000.00</dfe><jd2>1</jd2><qmye>139888.00</qmye></row>
<row><pid>102</pid><id>10202</id><kmmc>工商银行</kmmc><jd>1</jd><qcye>210000.00</qcye><jfe>220000.00</jfe><dfe>0.00</dfe><jd2>1</jd2><qmye>430000.00</qmye></row>
<row><pid>10202</pid><id>1020201</id><kmmc>工商银行垭口支行</kmmc><jd>1</jd><qcye>209000.00</qcye><jfe>200000.00</jfe><dfe/><jd2>1</jd2><qmye>409000.00</qmye></row>
<row><pid>10202</pid><id>1020202</id><kmmc>工商银行柳沿支行</kmmc><jd>1</jd><qcye>1000.00</qcye><jfe>20000.00</jfe><dfe/><jd2>1</jd2><qmye>21000.00</qmye></row>
<row><pid/><id>141</id><kmmc>长期投资</kmmc><jd>1</jd><qcye>582025.00</qcye><jfe>0.00</jfe><dfe>20220.00</dfe><jd2>1</jd2><qmye>561805.00</qmye></row>
<row><pid>141</pid><id>14101</id><kmmc>乡村基地项目</kmmc><jd>1</jd><qcye>482025.00</qcye><jfe/><dfe/><jd2>1</jd2><qmye>482025.00</qmye></row>
<row><pid>141</pid><id>14102</id><kmmc>合作社项目</kmmc><jd>1</jd><qcye>100000.00</qcye><jfe/><dfe>20220.00</dfe><jd2>1</jd2><qmye>79780.00</qmye></row>
<row><pid/><id>201</id><kmmc>短期借款</kmmc><jd>2</jd><qcye>113392.00</qcye><jfe>2100.00</jfe><dfe>71300.00</dfe><jd2>2</jd2><qmye>182592.00</qmye></row>
<row><pid>201</pid><id>20101</id><kmmc>农经站</kmmc><jd>2</jd><qcye>80000.00</qcye><jfe/><dfe>39300.00</dfe><jd2>2</jd2><qmye>119300.00</qmye></row>
<row><pid>201</pid><id>20105</id><kmmc>员工借款</kmmc><jd>2</jd><qcye>33392.00</qcye><jfe>2100.00</jfe><dfe>32000.00</dfe><jd2>2</jd2><qmye>63292.00</qmye></row>
<row><pid>20105</pid><id>2010501</id><kmmc>农经部</kmmc><jd>2</jd><qcye>3192.00</qcye><jfe>2000.00</jfe><dfe>2000.00</dfe><jd2>2</jd2><qmye>3192.00</qmye></row>
<row><pid>2010501</pid><id>201050101</id><kmmc>章军</kmmc><jd>2</jd><qcye>100.00</qcye><jfe>2000.00</jfe><dfe/><jd2>2</jd2><qmye>-1900.00</qmye></row>
<row><pid>2010501</pid><id>201050102</id><kmmc>盛科</kmmc><jd>2</jd><qcye>3092.00</qcye><jfe/><dfe>2000.00</dfe><jd2>2</jd2><qmye>5092.00</qmye></row>
<row><pid>2010501</pid><id>201050103</id><kmmc>高俊杰</kmmc><jd>2</jd><qcye/><jfe/><dfe/><jd2>2</jd2><qmye>0.00</qmye></row>
<row><pid>20105</pid><id>2010502</id><kmmc>维修部</kmmc><jd>2</jd><qcye>30200.00</qcye><jfe>100.00</jfe><dfe>30000.00</dfe><jd2>2</jd2><qmye>60100.00</qmye></row>
<row><pid>2010502</pid><id>201050201</id><kmmc>张思亮</kmmc><jd>2</jd><qcye>30000.00</qcye><jfe/><dfe>30000.00</dfe><jd2>2</jd2><qmye>60000.00</qmye></row>
<row><pid>2010502</pid><id>201050202</id><kmmc>陈倩倩</kmmc><jd>2</jd><qcye>200.00</qcye><jfe>100.00</jfe><dfe/><jd2>2</jd2><qmye>100.00</qmye></row>
<row><pid>20105</pid><id>2010503</id><kmmc>综合部</kmmc><jd>2</jd><qcye/><jfe/><dfe/><jd2>2</jd2><qmye>0.00</qmye></row>
<row><pid/><id>541</id><kmmc>管理费用</kmmc><jd>3</jd><qcye>0.00</qcye><jfe>463915.00</jfe><dfe>0.00</dfe><jd2>3</jd2><qmye>463915.00</qmye></row>
<row><pid>541</pid><id>54101</id><kmmc>干部报酬</kmmc><jd>3</jd><qcye/><jfe>451660.00</jfe><dfe/><jd2>3</jd2><qmye>451660.00</qmye></row>
<row><pid>541</pid><id>54102</id><kmmc>办公费</kmmc><jd>3</jd><qcye/><jfe>12255.00</jfe><dfe/><jd2>3</jd2><qmye>12255.00</qmye></row>
</table>
</TreeList>