﻿<?xml version="1.0" encoding="utf-8"?>
<!--By Supcan TreeList -->
<TreeList>
	<Properties editAble="false" rowHeight="38" isAutoFitWidth="true">
	</Properties>
	<Cols>
		<Col name="id" width="80">ID</Col>
		<Col name="picture" align="center" width="140" isImage="true">图片</Col>
	</Cols>
	<Table>
		<tr>
			<id>0</id>
			<picture>cars.zip#car0.png</picture>
		</tr>
		<tr>
			<id>1</id>
			<picture>cars.zip#car1.png</picture>
		</tr>
		<tr>
			<id>2</id>
			<picture>cars.zip#car2.png</picture>
		</tr>
		<tr>
			<id>3</id>
			<picture>cars.zip#car3.png</picture>
		</tr>
		<tr>
			<id>4</id>
			<picture>cars.zip#car4.png</picture>
		</tr>
		<tr>
			<id>5</id>
			<picture>cars.zip#car5.png</picture>
		</tr>
		<tr>
			<id>6</id>
			<picture>cars.zip#car6.png</picture>
		</tr>
		<tr>
			<id>7</id>
			<picture>cars.zip#car7.png</picture>
		</tr>
		<tr>
			<id>8</id>
			<picture>cars.zip#car8.png</picture>
		</tr>
		<tr>
			<id>9</id>
			<picture>cars.zip#car9.png</picture>
		</tr>
	</Table>
</TreeList>