﻿<?xml version="1.0" encoding="utf-8"?>
<!--By Supcan TreeList -->
<TreeList>
	<Properties editAble="true" isAutoFitWidth="true" isShowRuler="false">
	</Properties>
	<Cols>
		<Col name="se" width="90" datatype="string" editable="false">季度</Col>
		<Col name="n1" width="80" datatype="int" editmask="#,###">北京</Col>
		<Col name="n2" width="80" datatype="int" editmask="#,###">南京</Col>
		<Col name="n3" width="80" datatype="int" editmask="#,###">武汉</Col>
		<Col name="n4" width="80" datatype="int" editmask="#,###">宁波</Col>
		<Col name="n5" width="80" datatype="int" editmask="#,###">石家庄</Col>
		<Col name="n6" width="80" datatype="int" editmask="#,###">杭州</Col>
		<Col name="n7" width="80" datatype="int" editmask="#,###">福州</Col>
	</Cols>
<Table>
<TR>
  <se>一季度利润</se> 
  <n1>129</n1> 
  <n2>324</n2> 
  <n3>123</n3> 
  <n4>221</n4> 
  <n5>34</n5> 
  <n6>234</n6> 
  <n7>200</n7> 
</TR>
<TR>
  <se>二季度利润</se> 
  <n1>550</n1> 
  <n2>290</n2> 
  <n3>0</n3> 
  <n4>199</n4> 
  <n5>201</n5> 
  <n6>223</n6> 
  <n7>109</n7> 
</TR>
<TR>
  <se>三季度利润</se> 
  <n1>201</n1> 
  <n2>395</n2> 
  <n3>299</n3> 
  <n4>1000</n4> 
  <n5>398</n5> 
  <n6>456</n6> 
  <n7>-209</n7> 
</TR>
<TR>
  <se>四季度利润</se> 
  <n1>435</n1> 
  <n2>234</n2> 
  <n3>600</n3> 
  <n4>321</n4> 
  <n5>122</n5> 
  <n6>343</n6> 
  <n7>109</n7> 
</TR>
</Table>
</TreeList>