﻿<?xml version="1.0" encoding="utf-8"?>
<!--By Supcan TreeList -->
<TreeList>
<Properties isTree="true" sort="country a">
</Properties>
<Cols>
	<Col name="country" width="100">国家</Col>
	<Col name="city"    width="220">城市</Col>
</Cols>
<Table>
<TR><TD>Argentina</TD><TD>Buenos Aires</TD></TR>
<TR><TD>Austria</TD><TD>Graz</TD></TR>
<TR><TD>Austria</TD><TD>Salzburg</TD></TR>
<TR><TD>Belgium</TD><TD>Bruxelles</TD></TR>
<TR><TD>Belgium</TD><TD>Charleroi</TD></TR>
<TR><TD>Brazil</TD><TD>Campinas</TD></TR>
<TR><TD>Brazil</TD><TD>Resende</TD></TR>
<TR><TD>Brazil</TD><TD>Rio de Janeiro</TD></TR>
<TR><TD>Brazil</TD><TD>Sao Paulo</TD></TR>
<TR><TD>Canada</TD><TD>Montreal</TD></TR>
<TR><TD>Canada</TD><TD>Tsawassen</TD></TR>
<TR><TD>Canada</TD><TD>Vancouver</TD></TR>
<TR><TD>Denmark</TD><TD>Rrhus</TD></TR>
<TR><TD>Denmark</TD><TD>Kobenhavn</TD></TR>
<TR><TD>Finland</TD><TD>Helsinki</TD></TR>
<TR><TD>Finland</TD><TD>Oulu</TD></TR>
<TR><TD>France</TD><TD>Lille</TD></TR>
<TR><TD>France</TD><TD>Lyon</TD></TR>
<TR><TD>France</TD><TD>Marseille</TD></TR>
<TR><TD>France</TD><TD>Nantes</TD></TR>
<TR><TD>France</TD><TD>Paris</TD></TR>
<TR><TD>France</TD><TD>Reims</TD></TR>
<TR><TD>France</TD><TD>Strasbourg</TD></TR>
<TR><TD>France</TD><TD>Toulouse</TD></TR>
<TR><TD>France</TD><TD>Versailles</TD></TR>
<TR><TD>Germany</TD><TD>Aachen</TD></TR>
<TR><TD>Germany</TD><TD>Berlin</TD></TR>
<TR><TD>Germany</TD><TD>Brandenburg</TD></TR>
<TR><TD>Germany</TD><TD>Cunewalde</TD></TR>
<TR><TD>Germany</TD><TD>Frankfurt a.M.</TD></TR>
<TR><TD>Germany</TD><TD>Koeln</TD></TR>
<TR><TD>Germany</TD><TD>Leipzig</TD></TR>
<TR><TD>Germany</TD><TD>Mannheim</TD></TR>
<TR><TD>Germany</TD><TD>Munchen</TD></TR>
<TR><TD>Germany</TD><TD>Munster</TD></TR>
<TR><TD>Germany</TD><TD>Stuttgart</TD></TR>
<TR><TD>Ireland</TD><TD>Cork</TD></TR>
<TR><TD>Italy</TD><TD>Bergamo</TD></TR>
<TR><TD>Italy</TD><TD>Reggio Emilia</TD></TR>
<TR><TD>Italy</TD><TD>Torino</TD></TR>
<TR><TD>Mexico</TD><TD>Mexico D.F.</TD></TR>
<TR><TD>Norway</TD><TD>Stavern</TD></TR>
<TR><TD>Poland</TD><TD>Warszawa</TD></TR>
<TR><TD>Portugal</TD><TD>Lisboa</TD></TR>
<TR><TD>Spain</TD><TD>Barcelona</TD></TR>
<TR><TD>Spain</TD><TD>Madrid</TD></TR>
<TR><TD>Spain</TD><TD>Sevilla</TD></TR>
<TR><TD>Sweden</TD><TD>Bracke</TD></TR>
<TR><TD>Sweden</TD><TD>Lulea</TD></TR>
<TR><TD>Switzerland</TD><TD>Bern</TD></TR>
<TR><TD>Switzerland</TD><TD>Geneve</TD></TR>
<TR><TD>UK</TD><TD>Colchester</TD></TR>
<TR><TD>UK</TD><TD>Cowes</TD></TR>
<TR><TD>UK</TD><TD>London</TD></TR>
<TR><TD>USA</TD><TD>Albuquerque</TD></TR>
<TR><TD>USA</TD><TD>Anchorage</TD></TR>
<TR><TD>USA</TD><TD>Boise</TD></TR>
<TR><TD>USA</TD><TD>Butte</TD></TR>
<TR><TD>USA</TD><TD>Elgin</TD></TR>
<TR><TD>USA</TD><TD>Eugene</TD></TR>
<TR><TD>USA</TD><TD>Kirkland</TD></TR>
<TR><TD>USA</TD><TD>Lander</TD></TR>
<TR><TD>USA</TD><TD>Portland</TD></TR>
<TR><TD>USA</TD><TD>San Francisco</TD></TR>
<TR><TD>USA</TD><TD>Seattle</TD></TR>
<TR><TD>USA</TD><TD>Walla Walla</TD></TR>
<TR><TD>Venezuela</TD><TD>Barquisimeto</TD></TR>
<TR><TD>Venezuela</TD><TD>Caracas</TD></TR>
<TR><TD>Venezuela</TD><TD>I. de Margarita</TD></TR>
<TR><TD>Venezuela</TD><TD>San Cristobal</TD></TR>
</Table>
</TreeList>