﻿<?xml version="1.0" encoding="UTF-8" ?>
<!-- Supcan Freeform -->
<freeform>
	<Properties>
		<backGround bgColor="#E5EAFF,#FAFFFF"/>
	</Properties>
	<Objects>
		<TableLayout id="layout1" x="0" y="0" width="100%" height="100%">
			<col width="240"/>
			<col width="2"/>
			<col width="0.10"/>
			<tr height="23">
				<td>
					<Component id="Freeform1" width="3" Type="freeform" CreatePara="border=none" URL="com_toolbar.xml"/>
				</td>
			</tr>
			<tr height="0.20">
				<td>
					<Component id="tree" height="3" Type="tree" CreatePara="border=none;style=hasButton,singleExpand;BackPicture=tree/back2.gif" URL="../tree/tree1.xml"/>
				</td>
				<td>
					<Rect id="rect1" height="3" color="#C0C0FF" thick="2" isDragBar="1"/>
				</td>
				<td>
					<Component id="report" Type="report" CreatePara="border=none;CollapseToolbar=true" URL="../report/report1.xml"/>
				</td>
			</tr>
			<tr height="2">
				<td/>
				<td/>
				<td>
					<Rect id="rect2" color="#C0C0FF" thick="3" isDragBar="1"/>
				</td>
			</tr>
			<tr height="0.10">
				<td/>
				<td/>
				<td>
					<Component id="chart" Type="chart" CreatePara="chart=bar;border=none;borderWidth=0;textArrange=1"/>
				</td>
			</tr>
		</TableLayout>
	</Objects>
</freeform>