﻿<?xml version="1.0" encoding="utf-8"?>
<root>
	<record pid="" id="01"   freeform="formtree_land.xml" name="欧洲" />
		<record pid="01" id="0101" freeform="formtree_country.xml" name="英国" imgname="uk" />
			<record pid="0101" id="010101" freeform="formtree_leader.xml" name="Clare" />
		<record pid="01" id="0102" freeform="formtree_country.xml" name="法国" imgname="france" />
			<record pid="0102" id="010201" freeform="formtree_leader.xml" name="Sarkozy" />
			<record pid="0102" id="010202" freeform="formtree_leader.xml" name="Chirac" />
		<record pid="01" id="0103" freeform="formtree_country.xml" name="德国" imgname="germany" />
			<record pid="0103" id="010301" freeform="formtree_leader.xml" name="Snyder" />
		<record pid="01" id="0104" freeform="formtree_country.xml" name="俄罗斯" imgname="russia" />
			<record pid="0104" id="010401" freeform="formtree_leader.xml" name="Medvedev" />
			<record pid="0104" id="010402" freeform="formtree_leader.xml" name="Putin" />
	<record pid="" id="02"   freeform="formtree_land.xml" name="北美洲" />
	<record pid="" id="03"   freeform="formtree_land.xml" name="南美洲" />
	<record pid="" id="04"   freeform="formtree_land.xml" name="大洋洲" />
	<record pid="" id="05"   freeform="formtree_land.xml" name="亚洲" />
		<record pid="05" id="0501" freeform="formtree_country.xml" name="日本" imgname="japan" />
			<record pid="0501" id="050101" freeform="formtree_leader.xml" name="Fukuda Yasuo" />
</root>
