﻿<?xml version="1.0" encoding="utf-8"?>
<!--Supcan Freeform -->
<freeform>
<Properties>
	<Expresses>
		<Express>imgname = if(data=="", "", "../treelistdata/flag.zip#" +data+ ".bmp")</Express>
	</Expresses>
</Properties>
<Fonts>
	<Font facename="微软雅黑" size="-14" bold="1"/>
</Fonts>
<Objects>
	<image id="imgname" x="0" y="0" width="32" height="32" isUseOrisize="true" />
	<text id="name" x=".right" y="0" width="40" height="32" align="left" valign="vcenter" color="white" />
</Objects>
</freeform>