﻿<?xml version="1.0" encoding="utf-8"?>
<!--Supcan Freeform -->
<freeform>
<Properties bgColor="#e5eaff,#faffff"/>
<Fonts>
	<Font height="-14" />
	<Font faceName="微软雅黑" bold="1" height="-20" italic="1"/>
</Fonts>
<Objects>
	<Text x="0" y="30" width="100%" height="30" align="center" fontIndex="1" value="图书馆音像资料库" />
	<Line id='line' x1="30%" y1="65" x2="70%" y2="65" color="#0000aa" thick="1" />
	<Text id='txt1' x="10" y=".bottom+8" width="100" align="right" value="您当前选中：" />
	<Text id='txt2' x1=".right" y=".top" x2="100%" color='#aa0000' align="left" value="" />

	<imageFlow id='flow' x1="15%" y1="114" x2="85%" height="244" imageSize="160,160" src='../treelistdata/music.xml' />

</Objects>
</freeform>