﻿<?xml version="1.0" encoding="utf-8"?>
<!--Supcan Freeform -->
<freeform>
<Properties bgColor="#dfdfdf" backPicture="../res/jaguar.jpg" arrange="right,middle"/>
<Fonts>
	<Font height="-13"/>
</Fonts>
<Objects>
	<input id="OrderId"    LeftText="订单号："   x="80"    y="20"  width="220" height="23" LeftSize="100" />
	<input id="Country"    LeftText="国家："     x=".left" y=".bottom+4"  width="220" LeftSize="100" edittype="droplist" droplistId="country" />
	<input id="CustomerID" LeftText="客户："     x=".left" y=".bottom+4"  width="320" LeftSize="100" edittype="droptreelist" droplistId="customer" />

	<input id="OrderDate"  LeftText="销售日期：" x="400"   y="20"        width="220" LeftSize="100" datatype="date" editmask="YYYY.MM.DD" />
	<input id="Freight"    LeftText="货重："     x=".left" y=".bottom+4" width="220" LeftSize="100" datatype="double" editmask="#,###.00" />
	<input id="ShipCity"   LeftText="城市："     x=".left" y=".bottom+4" width="320" LeftSize="100"/>
</Objects>
	<DropLists>
		<DropList id="customer" treelist="customer.xml" DataCol="customerid" DisplayCol="companyname"/>
		<DropList id="country">
			<item key="1">France</item>
			<item key="2">Germany</item>
			<item key="3">Brazil</item>
			<item key="4">Belgium</item>
			<item key="8">Switzerland</item>
			<item key="11">Venezuela</item>
			<item key="23">Austria</item>
			<item key="21">Mexico</item>
			<item key="9">USA</item>
			<item key="0">Sweden</item>
			<item key="34">Finland</item>
		</DropList>
	</DropLists>
</freeform>