﻿<?xml version="1.0" encoding="utf-8"?>
<!--Supcan Freeform -->
<freeform>
<Properties bgColor="#3a3a3a,#5C5C5C" />
<Fonts>
	<Font facename="微软雅黑" size="-13" />
	<Font size="14" />
</Fonts>
<Objects>
	<!-- 虚拟全框，用于相对位置的参考 -->
	<Rect id="rect1" x="0" y="0" width="100%" height="100%" thick="0" />

	<!-- 底部的背景图 -->
	<Rect x1="0" x2="100%" y1="255" y2="100%" bgColor="#3a3a3a" thick="1" />
	<Rect x1="0" x2="100%" y1="256" y2="259" bgcolor="#6c6c6c,#4c4c4c" thick="0" />
	<img x1="0" x2="100%" y1="256" y2="100%" src="../res/freeformsh.jpg" arrange="tile" alpha="10" rotate="-35" pathid="path1" />

	<!-- 边框(考虑到工具条的圆角) -->
	<Rect x1="0" y1="67" width="100%" y2="rect1.bottom" color="#888888"/>

	<!-- 工具条 -->
	<img x="0" y="0" width="129" height="68" src="buttons.zip#bar_left.bmp" />
	<img x="129" y="0" width="rect1.width - 129" height="68" src="buttons.zip#bar_center.bmp" arrange="tile" />
	<img x="rect1.right-59" y="0" width="60" height="68" src="buttons.zip#bar_right.bmp" />

	<!-- 工具条按钮 -->
	<input type="button" id="btn1" x="30"     y="15"   width="140" height="46" dis="6" text="透明按钮1" textColor="white" style="flat,transparent" icon="buttons.zip#f1.ico" tip="我的ID是btn1!" />
	<input type="button" id="btn2" x=".right" y=".top" width="140" height="46" dis="6" text="透明按钮2" textColor="white" style="flat,transparent" icon="buttons.zip#f2.ico" tip="我的ID是btn2!" />
	<input type="button" id="btn3" x=".right" y=".top" width="140" height="46" dis="6" text="下拉按钮3" textColor="white" style="flat,transparent" icon="buttons.zip#f3.ico" tip="我的ID是btn3!" menuID="menu1" />

	<!-- Edit演示 -->
	<input id="id"      LeftText="单证号: "   x="0"     y="110"       width="280" color="white" leftSize="160" value="K3301" type="EditWithButton" />
	<input id="dt"      LeftText="发货日期: " x=".left" y=".bottom+4" width="280" color="white" leftSize="160" value="2010.02.1" datatype="date" />
	<input id="price"   LeftText="单价: "     x=".left" y=".bottom+4" width="280" color="white" leftSize="160" value="330000.00" editmask="#,###.00" datatype="double" />
	<input id="num"     LeftText="数量: "     x=".left" y=".bottom+4" width="280" color="white" leftSize="160" value="2.00" editmask="#,###.00" datatype="double" />

	<input id="cust"    LeftText="客户: "     x="40%"   y="110"       width="380" color="white" leftSize="160" type="droptreelist" droplistID="customer" value="ANATR"/>
	<input id="city"    LeftText="城市: "     x=".left" y=".bottom+4" width="380" color="white" leftSize="160" type="droptreelist" droplistID="citys" value="Salzburg"/>
	<input id="country" LeftText="国家: "     x=".left" y=".bottom+4" width="380" color="white" leftSize="160" type="droplist" droplistID="country" value="8"/>
	<input id="isPass"  type="checkbox" text="通过检测" x=".left+160" y=".bottom+4" color="white" width="140" />

	<!-- Button 演示 -->
	<input type="button" id="btn4" x="100"        y="270"       width="124" height="38" text="Windows主题按钮" />
	<input type="button" id="btn5" x="100"        y=".bottom+9" width="124" height="38" text="单色按钮" bgColor="#cccccc" tip="我的ID是btn5!" />

	<input type="button" id="btn6" x=".right+15" y="270"       width="124" height="38" text="三色按钮" style="round" textColor="white" bgColor="#8CB9D8,#2080C0,#2BA5FB" tip="我的ID是btn6!" />
	<input type="button" id="btn7" x=".left"     y=".bottom+9" width="124" height="38" text="四色按钮" style="round" textColor="white" bgColor="#cccccc,#826A66,#3D1112,#16110E" tip="我的ID是btn7!" />

	<input type="button" id="btn8" x=".right+30" y="270"       width="120" height="86" text="Ico凸起按钮" at="top" icon="buttons.zip#860.ico" tip="我的ID是btn8!" />
	<input type="button" id="btn9" x=".right+30" y=".top"      width="120" height="86" text="Png平坦按钮" at="top" style="flat" icon="buttons.zip#188.png" tip="我的ID是btn9!" textcolor="#0088aa"/>
	<input type="button" id="btna" x=".right+30" y=".top"      width="120" height="86" text="Bmp透明按钮" at="top" style="flat,transparent" icon="buttons.zip#269.bmp" tip="我的ID是btna!" textcolor="white" />
</Objects>
<DropLists>
 <DropList id="citys" treelist="city.xml" DataCol="city" DisplayCol="city"/> 
 <DropList id="customer" treelist="customer.xml" DataCol="customerid" DisplayCol="companyname" /> 
 <DropList id="country">
  <item key="1">France</item>
  <item key="2">Germany</item>
  <item key="3">Brazil</item>
  <item key="4">Belgium</item>
  <item key="8">Switzerland</item>
  <item key="11">Venezuela</item>
  <item key="23">Austria</item>
  <item key="21">Mexico</item>
  <item key="9">USA</item>
  <item key="0">Sweden</item>
  <item key="34">Finland</item>
 </DropList>
</DropLists>
<Menus>
<Menu id="menu1">
	<item id="101" text="热销产品1" icon="buttons.zip#301.ico" detail="中老年衣帽，尺寸齐全，产地杭州" />
	<item id="102" text="热销产品2" icon="buttons.zip#302.ico" detail="夏季时装，优惠直销" />
	<item id="103" text="热销产品3" icon="buttons.zip#303.ico" detail="高级西服，尺寸齐全，品牌云集" enabled="false" />
	<item id="104" text="滞销产品" icon="buttons.zip#304.ico">
		<item id="10401" text="库存1" icon="buttons.zip#304.ico" detail="中老年滞销衣帽，折价处理"/>
		<item id="10402" text="库存2" icon="buttons.zip#305.ico" detail="20%折价处理"/>
		<item id="0" text="-" />
		<item id="10403" text="库存3" icon="buttons.zip#306.ico" />
	</item>
</Menu>
<Menu id="menu2" url="../treelist/testmenu.xml">
	<!-- for Example -->
</Menu>
</Menus>
<Paths>
	<Path id="path1"><Rect x="0" y="0" width="100%" height="100%" /></Path>
</Paths>
</freeform>