﻿<?xml version="1.0" encoding="utf-8"?>
<!--Supcan Freeform -->
<freeform>
<Properties bgColor="#e5eaff,#faffff" HilightUnNullAble="true" />
<Fonts>
	<Font faceName="微软雅黑" size="-13" />
	<Font size="14" />
	<Font size="-16" bold="1"/>
</Fonts>
<Objects>
	<Text x="0" y="10" width="100%" height="30" align="center" value="货运单" fontIndex="2" />
	<Line x1="40%" y1="41" x2="60%" y2="41" style="dash" thick="1" />
	<TableLayout y=".bottom+2" width="100%">
		<col width="20%"/>
		<col width="15%"/>
		<col width=".1"/>
		<col width="15%"/>
		<col width="20%"/>
		<col width="20%"/>
		<tr height="15"/>
		<tr height="24">
			<td><input id="id" LeftText="单证号: " width='2' nullAble="false"/></td>
			<td/>
			<td/>
			<td><input id="dt" LeftText="发货日期: " width='2' defaultvalue="=now()" datatype="date" nullable="false" /></td>
		</tr>
		<tr height="4"/>
		<tr height="24">
			<td><input id="rate" LeftText="汇率: " width='2' editmask="#,###.0000" datatype="double" /></td>
			<td/>
			<td/>
			<td><input id="cust" LeftText="客户: " width='2' type="droptreelist" droplistID="customer"/></td>
		</tr>
		<tr height="4"/>
		<tr height="24">
			<td><input id="total" LeftText="总价: " width='2' editmask="#,###.00" datatype="double" /></td>
			<td/>
			<td/>
			<td><input id="country" LeftText="国家: " width='2' type="droplist" droplistID="country"/></td>
		</tr>
		<tr height="4"/>
		<tr height="24">
			<td/>
			<td><input id="checked" type="checkbox" text="商业保险"/></td>
			<td/>
			<td><input id="city" LeftText="城市: " width='2' type="droptreelist" droplistID="citys"/></td>
		</tr>
	</TableLayout>
</Objects>
<DropLists>
 <DropList id="citys" treelist="city.xml" DataCol="city" DisplayCol="city"/> 
 <DropList id="customer" treelist="customer.xml" DataCol="customerid" DisplayCol="companyname" /> 
 <DropList id="country">
  <item key="1">France</item>
  <item key="2">Germany</item>
  <item key="3">Brazil</item>
  <item key="4">Belgium</item>
  <item key="8">Switzerland</item>
  <item key="11">Venezuela</item>
  <item key="23">Austria</item>
  <item key="21">Mexico</item>
  <item key="9">USA</item>
  <item key="0">Sweden</item>
  <item key="34">Finland</item>
 </DropList>
</DropLists>
</freeform>