﻿<?xml version="1.0" encoding="utf-8"?>
<!--Supcan Freeform -->
<freeform>
<Properties bgColor="#ffffff">
 <Expresses>
  <copy/>
 </Expresses>
 <Validations>
  <copy/>
 </Validations>
</Properties>
<Fonts>
	<Font height="-13"/>
</Fonts>

<Objects>
	<TableLayout x="5" y="42" width="95%">
	 <Col width=".1"/>
	 <Col width="90"/>
	 <Col width="6"/>
	 <Col width="190"/>
	 <Col width="30"/>
	 <Col width="90"/>
	 <Col width="6"/>
	 <Col width="190"/>
	 <Col width=".1"/>
   <repeat>
	  <tr height="24">
 	   <td/>
	 	 <td><input width="3"/></td>
	 	 <td/>
	 	 <td/>
	 	 <td/>
	 	 <td><input width="3"/></td>
	  </tr>
	  <tr height="6"/>
  </repeat>
 </TableLayout>
 <groupEx x1="5" y1="5" width="99%" y2=".bottom+8" text=" 请输入(下面的内容是动态生成的) "/>
 <input id="ok"  Text="确认" x="36%"  y=".bottom+10" width="80" type="button" />
 <input id="cancel"  Text="取消" x=".right+10"  y=".top" width="80" type="button" />
</Objects>

<DropLists>
	<copy/>
</DropLists>
</freeform>