﻿<?xml version="1.0" encoding="utf-8"?>
<!--By Supcan TreeList -->
<TreeList>
	<Properties rowHeight="250" Freeform="formrecord.xml" sort="class" Title="销售排行榜" key="name"></Properties>
	<Cols>
		<Col name="name">型号</Col>
		<Col name="spc1">特征1</Col>
		<Col name="spc2">特征2</Col>
		<Col name="num">销量</Col>
		<Col name="price1">价格</Col>
		<Col name="price2">优惠价</Col>
		<Col name="class">排名</Col>
		<Col name="brand" nullable="false">品牌</Col>
		<Col name="madein">产地</Col>
		<Col name="quality">质保</Col>
	</Cols>
</TreeList>