﻿<?xml version="1.0" encoding="utf-8"?>
<!--By Supcan TreeList -->
<TreeList>
	<Properties editFreeformId="FR1" />
	<Fonts>
		<Font facename="Consolas"/>
		<Font/>
		<Font facename="Verdana" bold="1"/>
		<Font facename="Verdana" size="-20" italic="1"/>
	</Fonts>
	<Cols>
		 <Col name="OrderID"      width="80" align="center" editable="false">订单号</Col>
		 <Col name="Country"      width="110" edittype="droplist" droplistID="country">国家</Col>
		 <Col name="CustomerID"   width="30%" edittype="droptreelist" droplistID="customer">客户</Col>
		 <Col name="OrderDate"    width="0.2" datatype="date">销售日期</Col>
		 <Col name="Freight"      width="0.2" datatype="double" decimal="2">货重</Col>
		 <Col name="ShipCity"     width="20%">城市</Col>
		 <Col name="PassCity"     width="0">途经</Col>
	</Cols>
	<FreeformRes>
		<!--方案1：固定模版-->
		<freeform id="FR1" url="freeform71.xml" IdOk="ok" IdCancel="cancel" height="200" bgColor="#aaccff" alpha="100" extWidth="0"/>
		<!--方案2：动态模版-->
		<freeform id="FR2" url="freeform72.xml" IdOk="ok" IdCancel="cancel" bgColor="#aaccff" alpha="100" extWidth="0"/>
	</FreeformRes>
	<DropLists>
		<DropList id="customer" treelist="customer.xml" DataCol="customerid" DisplayCol="companyname"/>
		<DropList id="country">
			<item key="1">France</item>
			<item key="2">Germany</item>
			<item key="3">Brazil</item>
			<item key="4">Belgium</item>
			<item key="8">Switzerland</item>
			<item key="11">Venezuela</item>
			<item key="23">Austria</item>
			<item key="21">Mexico</item>
			<item key="9">USA</item>
			<item key="0">Sweden</item>
			<item key="34">Finland</item>
		</DropList>
	</DropLists>
</TreeList>