﻿<?xml version="1.0" encoding="utf-8"?>
<!--By Supcan TreeList -->
<TreeList>
	<Properties editAble="true" id="orders" key="OrderID">
	</Properties>
	<Cols>
		<Col name="OrderID"      width="80" align="center" editable="false">订单号</Col>
		<Col name="Country"      width="0">国家</Col>
		<Col name="CustomerID"   width="240" edittype="editableDroptreelist" droplistID="customer">客户</Col>
		<Col name="OrderDate"    width="100" datatype="date">销售日期</Col>
		<Col name="Freight"      width="90" datatype="double" decimal="2">货重</Col>
		<Col name="CustomerID2"  width="240" edittype="editableDroptreelist" droplistID="customer2" textId="CustomerValue">经销商</Col>
		<Col name="CustomerValue"></Col>
	</Cols>
	<DropLists>
		<DropList id="customer" treelist="customer.xml" DataCol="customerid" DisplayCol="companyname"/>
		<DropList id="customer2" treelist="customer2.xml" DataCol="customerid" DisplayCol="companyname"/>
	</DropLists>
</TreeList>