﻿<?xml version="1.0" encoding="UTF-8"?>
<table>
<row><checked>0</checked><name>工艺标准1期</name><ename>ED2LD</ename><num>50</num><pds/><p1>0.34</p1><p2>0.236</p2><p3>0.017</p3><dt1>2011.09.01</dt1><dt2>2011.09.01</dt2><dt3>2011.09.01</dt3></row>
<row><checked>1</checked><name>工艺标准2期</name><ename>E22kD</ename><num>50</num><pds/><p1>1</p1><p2>0.70</p2><p3/><dt1>2011.08.01</dt1><dt2>2011.12.01</dt2><dt3>2011.09.01</dt3></row>
<row><checked>0</checked><name>3期(未开工)</name><ename/><num>100</num><pds>1</pds><p1>0.60</p1><p2>0.23</p2><p3>0.3334</p3><dt1/><dt2/><dt3/></row>
<row><checked>1</checked><name>本单位标准</name><ename>Local</ename><num>20</num><pds>200</pds><p1>0.33</p1><p2>0.1</p2><p3>0.20</p3><dt1>2011.05.01</dt1><dt2>2011.10.01</dt2><dt3>2011.11.01</dt3></row>
</table>