﻿<?xml version="1.0" encoding="utf-8"?>
<!--By Supcan TreeList -->
<TreeList>
	<Properties editAble="true" rowHeight="22">
	</Properties>
	<Cols>
		<Col name="productID"   width="120" align="center" displayMask="=data+if(left(data,1)=1,'(民用)',''); textColor=if(left(data,1)=1, '#3388ff', black)">产品</Col>
		<Col name="productname" width="150" displayMask="backColor=if(left(data,2)='二甲', '#ccddcc', transparent)">产品名称</Col>
		<Col name="ProductDate" width="180" datatype="date" displayMask="=ChineseDate(data)">生产日期</Col>
		<Col name="CheckDate"   width="150" datatype="datetime" isHide="true">质检时间</Col>
		<Col name="passed"      width="100" datatype="bool" edittype="checkbox" displayMask="=if(data,'Passed' + if(left(productID,1)=1,'(民用)','')  ,'')">通过质检</Col>
		<Col name="price"       width="110" datatype="double" decimal="2" editmask="+#,###.00" displayMask="=formatNum(data,'￥#,##0.00')">定价</Col>
		<Col name="stock"       width="110" datatype="int" editmask="#,###" displayMask="=data+'箱';textColor=if(data&lt;100,red,black)">库存箱数</Col>
	</Cols>
</TreeList>