﻿<?xml version="1.0" encoding="utf-8"?>
<!--By Supcan TreeList -->
<TreeList>
	<Properties disableRowFlag="deleteline" dataURL='../treelistdata/person.xml'/>
	<Cols>
		<Col name="name" width="140">姓名</Col>
		<Col name="dis" width="50">性别</Col>
		<Col name="bdt" width="90">出生日期</Col>
		<Col name="prof" width="90">职业</Col>
		<Col name="bornin" minWidth='90' width=".1">出生地</Col>
		<Col name="work" isHide='1'>主演</Col>
		<Col name="cur" isHide='1'>生涯</Col>
	</Cols>
</TreeList>