﻿<?xml version="1.0" encoding="utf-8"?>
<!--By Supcan TreeList -->
<TreeList>
	<Properties editable="true" sort="country,shipcity" subtotalFontIndex="1" subtotalBgColor="#d3d3d3">
	</Properties>
	<Fonts>
		<Font/>
		<Font faceName="Verdana" weight="700"/>
	</Fonts>
	<Cols>
		<Col name="Country"      editAble="false" width="100" subtotalExpress="='共'+@rows+'行'" subtotalAlign="center">国家</Col>
		<Col name="OrderID"      editAble="false"  width="70" align="center">订单号</Col>
		<Col name="CustomerID"   editAble="false" width="70">客户号</Col>
		<Col name="OrderDate"    editAble="false" width="90" datatype="date">销售日期</Col>
		<Col name="RequiredDate" editAble="false" width="90" datatype="date">接单日期</Col>
		<Col name="Freight"      width="230" datatype="double" decimal="2" subtotalExpress="='小计: ' +@sum+ ', 均价: ' +@ave">运费</Col>
		<Col name="ShipName"     editAble="false" width="180">船名</Col>
		<Col name="ShipCity"     editAble="false" width="130" subtotalExpress="='共'+@rows+'行'" subtotalAlign="center">城市</Col>
		<Col name="ShipAddress"  editAble="false" width="280">地址</Col>
	</Cols>
</TreeList>