﻿<?xml version="1.0" encoding="utf-8"?>
<!--By Supcan TreeList -->
<TreeList>
	<Properties Title="订单明细表" headerColor="#e8e8e8" bgColor="white"></Properties>
	<Fonts>
		<Font />
		<Font italic="1" height="-14" />
	</Fonts>
	<Cols>
		<Col name="Country"      width="100">国家</Col>
		<Group title="订单情况" textColor="#3333ff">
			<Col name="OrderID"      width="70" align="center">订单号</Col>
			<Col name="CustomerID"   width="70">客户号</Col>
			<Group title="日期">
				<Col name="OrderDate"    width="90" datatype="date">销售日期</Col>
				<Col name="RequiredDate" width="90" datatype="date">接单日期</Col>
			</Group>
			<Col name="Freight"      width="80" datatype="double" decimal="2">货重</Col>
		</Group>
		<Col name="ShipName"     width="130">船名\r\n(海运承包)</Col>
		<Group title="货 运 目 的 地" fontIndex="1" >
			<Col name="ShipCity"     width="130">城市</Col>
			<Col name="ShipAddress"  width="240">地址</Col>
		</Group>
	</Cols>
</TreeList>