﻿<?xml version="1.0" encoding="utf-8"?>
<!--By Supcan TreeList -->
<TreeList>
	<Properties Title="订单明细表"></Properties>
	<Cols>
		<Col name="Country"      width="100">国家</Col>
		<Col name="OrderID"      width="70" align="center">订单号</Col>
		<Col name="CustomerID"   width="70">客户号</Col>
		<Col name="OrderDate"    width="130" datatype="date">销售日期</Col>
		<Col name="RequiredDate" width="130" datatype="date">接单日期</Col>
		<Col name="Freight"      width="100" datatype="double" decimal="2">货重</Col>
		<Col name="ShipName"     width="240" atlayer="1">船名</Col>
		<Col name="ShipCity"     width="130" atlayer="1">城市</Col>
		<Col name="ShipAddress"  width="340" atlayer="1">地址</Col>
	</Cols>
</TreeList>