﻿<?xml version="1.0" encoding="utf-8"?>
<!--By Supcan TreeList -->
<TreeList>
	<Properties isShowSortPanel="true" sort="Country a, CustomerID a" rowHeight="35" editAble="true" addRowAble="false" deleteRowAble="false" isShowGridHor="false"
	 curSelBackColor="#33aaccee;borderWidth=1;borderRound=9;borderColor=#55aaff"></Properties>
	<Fonts>
		<Font faceName="Verdana" />
	</Fonts>
	<Cols>
			<Col name="Country"      editable="false" width="100">国家</Col>
			<Col name="OrderID"      editable="false" width="70" align="center" isHyperlink="true">订单号</Col>
			<Col name="CustomerID"   editable="false" width="70">客户号</Col>
			<Col name="OrderDate"    editable="false" width="90" datatype="date">销售日期</Col>
			<Col name="RequiredDate" editable="false" width="90" datatype="date">接单日期</Col>
			<Col name="btn"		 editable="false" width="120" edittype="button" align="center" buttonText="审核" buttonWidth="90">送审</Col>
			<Col name="ShipName"     editable="true" editType="editWithButton" width="210">船名</Col>
			<Col name="ShipCity"     editable="true" width="130">城市</Col>
			<Col name="ShipAddress"  editable="false" width="340">地址</Col>
	</Cols>
</TreeList>