﻿<?xml version="1.0" encoding="utf-8"?>
<!--By Supcan TreeList -->
<TreeList>
	<Properties editAble="true" rowHeight="65" key="Model">
		<BackGround picture="../res/treelistsh.jpg" alpha="12" rotate="315" arrange="tile" bgColor="#dfdfdf"/>
	</Properties>
	<Fonts>
		<Font faceName="Verdana" />
	</Fonts>
	<Cols>
		<Col name="TradeMark" width="130">厂商</Col>
		<Col name="Category"  width="100">分类</Col>
		<Col name="Model"     width="200">型号</Col>
		<Col name="picture"   width="250" isImage="true" extentRows="1">图片</Col>
		<Col name="other"     width="240" extentRows="1" vAlign="top" edittype="multiLineEdit">其它参数</Col>
		<Col name="Capacity"  width="100" datatype="decimal" atLayer="1" displayMask="data+'升'">容量</Col>
		<Col name="automatic" width="90"  datatype="boolean" atLayer="1" edittype="checkbox">自动档</Col>
		<Col name="price"     width="120" datatype="decimal" atLayer="1" isThousandSeparat="true" displayMask="data+'美元';textColor=if(data>50000,red,black)">售价</Col>
		<Col name="inStock"   width="120" datatype="int"     atLayer="1" displayMask="data+'辆'">库存量</Col>
	</Cols>
</TreeList>