﻿<?xml version="1.0" encoding="utf-8"?>
<!--By Supcan TreeList -->
<TreeList>
	<Properties rowHeight="24" isAutoFitWidth="true" editAble="true" key="sn"/>
	<Fonts>
		<Font height="-14"/>
	</Fonts>
	<Cols>
		<Col name="sn"        width="100">序列号</Col>
		<Col name="prodId"    width="100">产品编号</Col>
		<Col name="product"   width="150">品名</Col>
		<Col name="LimitDate" width="120" datatype="date">保质期</Col>
		<Col name="num"       width="80" datatype="double" decimal="2">数量</Col>
		<Col name="memo"	  width="190">备注</Col>
	</Cols>
</TreeList>